,GFT,boro,num_of_progens,numeric_ind,progen_b10sc_1,progen_b10sc_2,progen_gft_1,progen_word_1,progen_word_2,sc5_1,sc5_2,stname
0,S,1,1,N,11701001010,0,,E,,117010,0,1 STREET
1,S,1,1,N,11703001010,0,,E,,117030,0,2 STREET
2,S,1,2,N,11705001010,13389001010,,E,W,117050,133890,3 STREET
3,S,1,2,N,11707001010,13391001010,,E,W,117070,133910,4 STREET
4,S,1,1,N,11707501010,0,,E,,117075,0,4 WALK
5,S,1,1,N,11709001010,0,,E,,117090,0,5 STREET
6,S,1,1,N,11709501010,0,,E,,117095,0,5 WALK
7,S,1,1,N,10031201010,0,,E,,100312,0,5 WALK PEDESTRIAN OPAS
8,S,1,1,N,19751020050,0,B,E,,197510,0,6 ST PEDESTRIAN BRIDGE
9,S,1,1,N,11711001010,0,,E,,117110,0,6 STREET
10,S,1,1,N,19751020090,0,B,E,,197510,0,6 STREET FOOT BRIDGE
11,S,1,1,N,19751020070,0,B,E,,197510,0,6 STREET FOOTBRIDGE
12,S,1,1,N,19751020040,0,B,E,,197510,0,6 STREET PEDESTRIAN BRDG
13,S,1,1,N,19751020020,0,B,E,,197510,0,6 STREET PEDESTRIAN OVPS
14,S,1,1,N,11713001010,0,,E,,117130,0,7 STREET
15,S,1,2,N,11715001010,13393001010,,E,W,117150,133930,8 STREET
16,S,1,2,N,11717001010,13395001010,,E,W,117170,133950,9 STREET
17,S,1,1,N,19751010020,0,B,E,,197510,0,10 ST PEDESTRIAN OVERPASS
18,S,1,2,N,11719001010,13397001010,,E,W,117190,133970,10 STREET
19,S,1,1,N,19751010010,0,B,E,,197510,0,10 STREET PEDESTRIAN OVPS
20,S,1,2,N,11721001010,13399001010,,E,W,117210,133990,11 STREET
21,S,1,2,N,11723001010,13401001010,,E,W,117230,134010,12 STREET
22,S,1,1,N,11726001020,0,,E,,117260,0,13 ST EXTENSION
23,S,1,2,N,11725001010,13403001010,,E,W,117250,134030,13 STREET
24,S,1,1,N,11726001010,0,,E,,117260,0,13 STREET EXTENSION
25,S,1,1,N,11727005020,0,,E,,117270,0,14 ST EASTBOUND ROADBED
26,S,1,1,N,11728001020,0,,E,,117280,0,14 ST EXTENSION
27,S,1,1,N,11082001110,0,Z,E,,110820,0,14 ST FDR DRIVE SB EN
28,S,1,1,N,11082001090,0,Z,E,,110820,0,14 ST SB ENTRANCE FDR DRV
29,S,1,1,N,11727004020,0,,E,,117270,0,14 ST WESTBOUND ROADBED
30,S,1,2,N,11727001010,13405001010,,E,W,117270,134050,14 STREET
31,S,1,1,N,11727005010,0,,E,,117270,0,14 STREET EB ROADBED
32,S,1,1,N,11728001010,0,,E,,117280,0,14 STREET EXTENSION
33,S,1,1,N,11082001120,0,Z,E,,110820,0,14 STREET FDR DRIVE SB EN
34,S,1,1,N,11727004010,0,,E,,117270,0,14 STREET WB ROADBED
35,S,1,1,N,11730001020,0,,E,,117300,0,15 ST EXTENSION
36,S,1,2,N,11729001010,13407001010,,E,W,117290,134070,15 STREET
37,S,1,1,N,11730001010,0,,E,,117300,0,15 STREET EXTENSION
38,S,1,2,N,11731001010,13409001010,,E,W,117310,134090,16 STREET
39,S,1,2,N,11733001010,13411001010,,E,W,117330,134110,17 STREET
40,S,1,2,N,11735001010,13413001010,,E,W,117350,134130,18 STREET
41,S,1,2,N,11737001010,13415001010,,E,W,117370,134150,19 STREET
42,S,1,1,N,11739004020,0,,E,,117390,0,20 ST EASTBOUND ROADBED
43,S,1,1,N,11740001020,0,,E,,117400,0,20 ST EXTENSION
44,S,1,1,N,11082501110,0,Z,E,,110825,0,20 ST FDR DRIVE SB EN
45,S,1,1,N,11082501090,0,Z,E,,110825,0,20 ST SB ENTRANCE FDR DRV
46,S,1,1,N,11739003020,0,,E,,117390,0,20 ST WESTBOUND ROADBED
47,S,1,2,N,11739001010,13417001010,,E,W,117390,134170,20 STREET
48,S,1,1,N,11739004010,0,,E,,117390,0,20 STREET EB ROADBED
49,S,1,1,N,11740001010,0,,E,,117400,0,20 STREET EXTENSION
50,S,1,1,N,11082501120,0,Z,E,,110825,0,20 STREET FDR DRIVE SB EN
51,S,1,1,N,11739003010,0,,E,,117390,0,20 STREET WB ROADBED
52,S,1,2,N,11741001010,13419001010,,E,W,117410,134190,21 STREET
53,S,1,2,N,11743001010,13421001010,,E,W,117430,134210,22 STREET
54,S,1,1,N,11745003020,0,,E,,117450,0,23 ST EASTBOUND ROADBED
55,S,1,1,N,11746001020,0,,E,,117460,0,23 ST EXTENSION
56,S,1,1,N,11745002020,0,,E,,117450,0,23 ST WESTBOUND ROADBED
57,S,1,2,N,11745001010,13423001010,,E,W,117450,134230,23 STREET
58,S,1,1,N,11745003010,0,,E,,117450,0,23 STREET EB ROADBED
59,S,1,1,N,11746001010,0,,E,,117460,0,23 STREET EXTENSION
60,S,1,1,N,11745002010,0,,E,,117450,0,23 STREET WB ROADBED
61,S,1,2,N,11747001010,13425001010,,E,W,117470,134250,24 STREET
62,S,1,1,N,11749501010,0,B,E,,117495,0,25 ST BRIDGE
63,S,1,1,N,11750001020,0,,E,,117500,0,25 ST EXTENSION
64,S,1,1,N,19751021080,0,B,E,,197510,0,25 ST FOOT BRIDGE
65,S,1,1,N,19751021060,0,B,E,,197510,0,25 ST FOOTBRIDGE
66,S,1,1,N,19751021040,0,B,E,,197510,0,25 ST PEDESTRIAN BRIDGE
67,S,1,1,N,19751021020,0,B,E,,197510,0,25 ST PEDESTRIAN OVERPASS
68,S,1,2,N,11749001010,13427001010,,E,W,117490,134270,25 STREET
69,S,1,1,N,11749501020,0,B,E,,117495,0,25 STREET BRIDGE
70,S,1,1,N,11750001010,0,,E,,117500,0,25 STREET EXTENSION
71,S,1,1,N,19751021070,0,B,E,,197510,0,25 STREET FOOT BRIDGE
72,S,1,1,N,19751021050,0,B,E,,197510,0,25 STREET FOOTBRIDGE
73,S,1,1,N,19751021030,0,B,E,,197510,0,25 STREET PEDESTRIAN BRDG
74,S,1,1,N,19751021010,0,B,E,,197510,0,25 STREET PEDESTRIAN OVPS
75,S,1,2,N,11751001010,13429001010,,E,W,117510,134290,26 STREET
76,S,1,1,N,13431001010,0,,W,,134310,0,27 DRIVE
77,S,1,1,N,13431001020,0,,W,,134310,0,27 ST DRIVE
78,S,1,2,N,11753001010,13431002010,,E,W,117530,134310,27 STREET
79,S,1,1,N,13431001030,0,,W,,134310,0,27 STREET DRIVE
80,S,1,2,N,11755001010,13433001010,,E,W,117550,134330,28 STREET
81,S,1,2,N,11757001010,13435001010,,E,W,117570,134350,29 STREET
82,S,1,2,N,11759001010,13437001010,,E,W,117590,134370,30 STREET
83,S,1,2,N,11761001010,13439001010,,E,W,117610,134390,31 STREET
84,S,1,2,N,11763001010,13441001010,,E,W,117630,134410,32 STREET
85,S,1,2,N,11765001010,13443001010,,E,W,117650,134430,33 STREET
86,S,1,1,N,11768001020,0,,E,,117680,0,34 ST EXTENSION
87,S,1,1,N,11083001110,0,Z,E,,110830,0,34 ST FDR DRIVE SB EN
88,S,1,1,N,11083001090,0,Z,E,,110830,0,34 ST SB ENTRANCE FDR DRV
89,S,1,2,N,11767001010,13445001010,,E,W,117670,134450,34 STREET
90,S,1,1,N,11768001010,0,,E,,117680,0,34 STREET EXTENSION
91,S,1,1,N,11083001120,0,Z,E,,110830,0,34 STREET FDR DRIVE SB EN
92,S,1,2,N,11769001010,13447001010,,E,W,117690,134470,35 STREET
93,S,1,1,N,11771001020,0,,E,,117710,0,36 ST EXTENSION
94,S,1,2,N,11771001010,13449001010,,E,W,117710,134490,36 STREET
95,S,1,1,N,11771001030,0,,E,,117710,0,36 STREET EXTENSION
96,S,1,1,N,11773001020,0,,E,,117730,0,37 ST EXTENSION
97,S,1,2,N,11773001010,13451001010,,E,W,117730,134510,37 STREET
98,S,1,1,N,11773001030,0,,E,,117730,0,37 STREET EXTENSION
99,S,1,1,N,11775001020,0,,E,,117750,0,38 ST EXTENSION
100,S,1,2,N,11775001010,13453001010,,E,W,117750,134530,38 STREET
101,S,1,1,N,11775001030,0,,E,,117750,0,38 STREET EXTENSION
102,S,1,2,N,11777001010,13455001010,,E,W,117770,134550,39 STREET
103,S,1,1,N,11780001020,0,,E,,117800,0,40 ST EXTENSION
104,S,1,2,N,11779001010,13457001010,,E,W,117790,134570,40 STREET
105,S,1,1,N,11780001010,0,,E,,117800,0,40 STREET EXTENSION
106,S,1,1,N,11782001020,0,,E,,117820,0,41 ST EXTENSION
107,S,1,2,N,11781001010,13459002010,,E,W,117810,134590,41 STREET
108,S,1,1,N,11782001010,0,,E,,117820,0,41 STREET EXTENSION
109,S,1,1,N,11783001020,0,,E,,117830,0,42 ST EXTENSION
110,S,1,2,N,11783001010,13461001010,,E,W,117830,134610,42 STREET
111,S,1,1,N,11783001030,0,,E,,117830,0,42 STREET EXTENSION
112,S,1,2,N,11785002010,13463001010,,E,W,117850,134630,43 STREET
113,S,1,2,N,11787001010,13465001010,,E,W,117870,134650,44 STREET
114,S,1,2,N,11789001010,13467001010,,E,W,117890,134670,45 STREET
115,S,1,1,N,19751016010,0,B,W,,197510,0,46 ST PEDESTRIAN OVERPASS
116,S,1,2,N,11791001010,13469001010,,E,W,117910,134690,46 STREET
117,S,1,1,N,19751016030,0,B,W,,197510,0,46 STREET PEDESTRIAN OVPS
118,S,1,2,N,11793001010,13471002010,,E,W,117930,134710,47 STREET
119,S,1,1,N,11796001020,0,,E,,117960,0,48 ST EXTENSION
120,S,1,1,N,11086001110,0,Z,E,,110860,0,48 ST FDR DRIVE NB EN
121,S,1,1,N,11086001090,0,Z,E,,110860,0,48 ST NB ENTRANCE FDR DRV
122,S,1,2,N,11795001010,13473001010,,E,W,117950,134730,48 STREET
123,S,1,1,N,11796001010,0,,E,,117960,0,48 STREET EXTENSION
124,S,1,1,N,11086001120,0,Z,E,,110860,0,48 STREET FDR DRIVE NB EN
125,S,1,1,N,11797004020,0,,E,,117970,0,49 ST EASTBOUND ROADBED
126,S,1,1,N,11798001020,0,,E,,117980,0,49 ST EXTENSION
127,S,1,1,N,11797003020,0,,E,,117970,0,49 ST WESTBOUND ROADBED
128,S,1,2,N,11797001010,13475001010,,E,W,117970,134750,49 STREET
129,S,1,1,N,11797004010,0,,E,,117970,0,49 STREET EB ROADBED
130,S,1,1,N,11798001010,0,,E,,117980,0,49 STREET EXTENSION
131,S,1,1,N,11797003010,0,,E,,117970,0,49 STREET WB ROADBED
132,S,1,2,N,11799001010,13477001010,,E,W,117990,134770,50 STREET
133,S,1,1,N,11802001020,0,,E,,118020,0,51 ST EXTENSION
134,S,1,1,N,19751022080,0,B,E,,197510,0,51 ST FOOT BRIDGE
135,S,1,1,N,19751022060,0,B,E,,197510,0,51 ST FOOTBRIDGE
136,S,1,1,N,19751022040,0,B,E,,197510,0,51 ST PEDESTRIAN BRIDGE
137,S,1,1,N,19751022020,0,B,E,,197510,0,51 ST PEDESTRIAN OVERPASS
138,S,1,2,N,11801001010,13479001010,,E,W,118010,134790,51 STREET
139,S,1,1,N,11802001010,0,,E,,118020,0,51 STREET EXTENSION
140,S,1,1,N,19751022070,0,B,E,,197510,0,51 STREET FOOT BRIDGE
141,S,1,1,N,19751022050,0,B,E,,197510,0,51 STREET FOOTBRIDGE
142,S,1,1,N,19751022030,0,B,E,,197510,0,51 STREET PEDESTRIAN BRDG
143,S,1,1,N,19751022010,0,B,E,,197510,0,51 STREET PEDESTRIAN OVPS
144,S,1,1,N,11804001020,0,,E,,118040,0,52 ST EXTENSION
145,S,1,2,N,11803001010,13481002010,,E,W,118030,134810,52 STREET
146,S,1,1,N,11804001010,0,,E,,118040,0,52 STREET EXTENSION
147,S,1,2,N,11805001010,13483001010,,E,W,118050,134830,53 STREET
148,S,1,1,N,11808001020,0,,E,,118080,0,54 ST EXTENSION
149,S,1,2,N,11807001010,13485001010,,E,W,118070,134850,54 STREET
150,S,1,1,N,11808001010,0,,E,,118080,0,54 STREET EXTENSION
151,S,1,2,N,11809001010,13487001010,,E,W,118090,134870,55 STREET
152,S,1,2,N,11811001010,13489001010,,E,W,118110,134890,56 STREET
153,S,1,2,N,11813001010,13491001010,,E,W,118130,134910,57 STREET
154,S,1,2,N,11815001010,13493001010,,E,W,118150,134930,58 STREET
155,S,1,1,N,11818001020,0,,E,,118180,0,59 ST EXTENSION
156,S,1,1,N,10018601020,0,,W,,100186,0,59 ST PEDESTRIAN UNP
157,S,1,2,N,11817001010,11449002010,,E,W,118170,114490,59 STREET
158,S,1,1,N,11818001010,0,,E,,118180,0,59 STREET EXTENSION
159,S,1,1,N,10018601010,0,,W,,100186,0,59 STREET PEDESTRIAN UNP
160,S,1,1,N,19751006170,0,B,E,,197510,0,60 ST BRIDGE
161,S,1,1,N,19751006150,0,B,E,,197510,0,60 ST FOOT BRIDGE
162,S,1,1,N,19751006130,0,B,E,,197510,0,60 ST FOOTBRIDGE
163,S,1,1,N,19751006080,0,B,E,,197510,0,60 ST PED BRIDGE
164,S,1,1,N,19751006090,0,B,E,,197510,0,60 ST PED OVERPASS
165,S,1,1,N,19751006070,0,B,E,,197510,0,60 ST PEDESTRIAN BRIDGE
166,S,1,1,N,19751006010,0,B,E,,197510,0,60 ST PEDESTRIAN OVERPASS
167,S,1,2,N,11819001010,13497001010,,E,W,118190,134970,60 STREET
168,S,1,1,N,19751006180,0,B,E,,197510,0,60 STREET BRIDGE
169,S,1,1,N,19751006160,0,B,E,,197510,0,60 STREET FOOT BRIDGE
170,S,1,1,N,19751006140,0,B,E,,197510,0,60 STREET FOOTBRIDGE
171,S,1,1,N,19751006120,0,B,E,,197510,0,60 STREET PED BRIDGE
172,S,1,1,N,19751006100,0,B,E,,197510,0,60 STREET PED OVERPASS
173,S,1,1,N,19751006110,0,B,E,,197510,0,60 STREET PEDESTRIAN BRDG
174,S,1,1,N,19751006060,0,B,E,,197510,0,60 STREET PEDESTRIAN OPAS
175,S,1,1,N,13498001010,0,,W,,134980,0,61 DRIVE
176,S,1,2,N,11821001010,13499001010,,E,W,118210,134990,61 STREET
177,S,1,1,N,11086501110,0,Z,E,,110865,0,62 ST FDR DRIVE NB EN
178,S,1,1,N,11086501080,0,Z,E,,110865,0,62 ST NB ENTRANCE FDR DRV
179,S,1,2,N,11823001010,13501001010,,E,W,118230,135010,62 STREET
180,S,1,1,N,11086501120,0,Z,E,,110865,0,62 STREET FDR DRIVE NB EN
181,S,1,1,N,11825003020,0,,E,,118250,0,63 ST EASTBOUND ROADBED
182,S,1,1,N,11826001020,0,,E,,118260,0,63 ST EXTENSION
183,S,1,1,N,11088501110,0,Z,E,,110885,0,63 ST FDR DRIVE SB EN
184,S,1,1,N,19751012020,0,B,E,,197510,0,63 ST PEDESTRIAN OVERPASS
185,S,1,1,N,11088501090,0,Z,E,,110885,0,63 ST SB ENTRANCE FDR DRV
186,S,1,1,N,11825002020,0,,E,,118250,0,63 ST WESTBOUND ROADBED
187,S,1,2,N,11825001010,13503001010,,E,W,118250,135030,63 STREET
188,S,1,1,N,11825003010,0,,E,,118250,0,63 STREET EB ROADBED
189,S,1,1,N,11826001010,0,,E,,118260,0,63 STREET EXTENSION
190,S,1,1,N,11088501120,0,Z,E,,110885,0,63 STREET FDR DRIVE SB EN
191,S,1,1,N,19751012010,0,B,E,,197510,0,63 STREET PEDESTRIAN OVPS
192,S,1,1,N,11825002010,0,,E,,118250,0,63 STREET WB ROADBED
193,S,1,2,N,11827001010,13505001010,,E,W,118270,135050,64 STREET
194,S,1,2,N,11829001010,13507001010,,E,W,118290,135070,65 STREET
195,S,1,1,N,11831003020,0,,E,,118310,0,66 ST EASTBOUND ROADBED
196,S,1,1,N,13510001020,0,,W,,135100,0,66 ST EXTENSION
197,S,1,1,N,11831002020,0,,E,,118310,0,66 ST WESTBOUND ROADBED
198,S,1,2,N,11831001010,13509001010,,E,W,118310,135090,66 STREET
199,S,1,1,N,11831003010,0,,E,,118310,0,66 STREET EB ROADBED
200,S,1,1,N,13510001010,0,,W,,135100,0,66 STREET EXTENSION
201,S,1,1,N,11831002010,0,,E,,118310,0,66 STREET WB ROADBED
202,S,1,2,N,11833001010,13511001010,,E,W,118330,135110,67 STREET
203,S,1,1,N,10018301020,0,,W,,100183,0,68 ST PEDESTRIAN UNP
204,S,1,2,N,11835001010,13513001010,,E,W,118350,135130,68 STREET
205,S,1,1,N,10018301010,0,,W,,100183,0,68 STREET PEDESTRIAN UNP
206,S,1,2,N,11837001010,13515001010,,E,W,118370,135150,69 STREET
207,S,1,2,N,11840001020,13518001020,,E,W,118400,135180,70 ST EXTENSION
208,S,1,2,N,11839001010,13517001010,,E,W,118390,135170,70 STREET
209,S,1,2,N,11840001010,13518001010,,E,W,118400,135180,70 STREET EXTENSION
210,S,1,1,N,11842001020,0,,E,,118420,0,71 ST EXTENSION
211,S,1,1,N,19751013020,0,B,E,,197510,0,71 ST PEDESTRIAN OVERPASS
212,S,1,2,N,11841001010,13519001010,,E,W,118410,135190,71 STREET
213,S,1,1,N,11842001010,0,,E,,118420,0,71 STREET EXTENSION
214,S,1,1,N,19751013010,0,B,E,,197510,0,71 STREET PEDESTRIAN OVPS
215,S,1,2,N,11844001020,13522001020,,E,W,118440,135220,72 ST EXTENSION
216,S,1,1,N,11073001120,0,Z,W,,110730,0,72 ST HHP NORTHBOUND EN
217,S,1,1,N,11073001100,0,Z,W,,110730,0,72 ST NB ENTRANCE HHP
218,S,1,1,N,10018501010,0,,W,,100185,0,72 ST PEDESTRIAN UNP
219,S,1,2,N,11843001010,13521001010,,E,W,118430,135210,72 STREET
220,S,1,2,N,11844001010,13522001010,,E,W,118440,135220,72 STREET EXTENSION
221,S,1,1,N,11073001110,0,Z,W,,110730,0,72 STREET HHP NB EN
222,S,1,1,N,11073001090,0,Z,W,,110730,0,72 STREET NB ENTRANCE HHP
223,S,1,1,N,10018501020,0,,W,,100185,0,72 STREET PEDESTRIAN UNP
224,S,1,1,N,11846001020,0,,E,,118460,0,73 ST EXTENSION
225,S,1,1,N,11088001110,0,Z,E,,110880,0,73 ST FDR DRIVE SB EN
226,S,1,1,N,11088001090,0,Z,E,,110880,0,73 ST SB ENTRANCE FDR DRV
227,S,1,2,N,11845001010,13523001010,,E,W,118450,135230,73 STREET
228,S,1,1,N,11846001010,0,,E,,118460,0,73 STREET EXTENSION
229,S,1,1,N,11088001120,0,Z,E,,110880,0,73 STREET FDR DRIVE SB EN
230,S,1,2,N,11848001020,13526001020,,E,W,118480,135260,74 ST EXTENSION
231,S,1,2,N,11847001010,13525001010,,E,W,118470,135250,74 STREET
232,S,1,2,N,11848001010,13526001010,,E,W,118480,135260,74 STREET EXTENSION
233,S,1,1,N,11850001020,0,,E,,118500,0,75 ST EXTENSION
234,S,1,2,N,11849001010,13527001010,,E,W,118490,135270,75 STREET
235,S,1,1,N,11850001010,0,,E,,118500,0,75 STREET EXTENSION
236,S,1,1,N,11852001020,0,,E,,118520,0,76 ST EXTENSION
237,S,1,2,N,11851001010,13529001010,,E,W,118510,135290,76 STREET
238,S,1,1,N,11852001010,0,,E,,118520,0,76 STREET EXTENSION
239,S,1,2,N,11853001010,13531001010,,E,W,118530,135310,77 STREET
240,S,1,1,N,11856001020,0,,E,,118560,0,78 ST EXTENSION
241,S,1,1,N,19751025080,0,B,E,,197510,0,78 ST FOOT BRIDGE
242,S,1,1,N,19751025060,0,B,E,,197510,0,78 ST FOOTBRIDGE
243,S,1,1,N,19751025040,0,B,E,,197510,0,78 ST PEDESTRIAN BRIDGE
244,S,1,1,N,19751025020,0,B,E,,197510,0,78 ST PEDESTRIAN OVERPASS
245,S,1,2,N,11855001010,13533001010,,E,W,118550,135330,78 STREET
246,S,1,1,N,11856001010,0,,E,,118560,0,78 STREET EXTENSION
247,S,1,1,N,19751025070,0,B,E,,197510,0,78 STREET FOOT BRIDGE
248,S,1,1,N,19751025050,0,B,E,,197510,0,78 STREET FOOTBRIDGE
249,S,1,1,N,19751025030,0,B,E,,197510,0,78 STREET PEDESTRIAN BRDG
250,S,1,1,N,19751025010,0,B,E,,197510,0,78 STREET PEDESTRIAN OVPS
251,S,1,1,N,11072001110,0,Z,W,,110720,0,79 ST EASTBOUND HHP NB EN
252,S,1,1,N,11072001090,0,Z,W,,110720,0,79 ST EB ENTRANCE HHP NB
253,S,1,1,N,11858001020,0,,E,,118580,0,79 ST EXTENSION
254,S,1,1,N,11069001120,0,Z,W,,110690,0,79 ST HHP SOUTHBOUND EN
255,S,1,1,N,11069001100,0,Z,W,,110690,0,79 ST SB ENTRANCE HHP
256,S,1,1,N,11072501070,0,Z,W,,110725,0,79 ST WB ENTRANCE HHP NB
257,S,1,1,N,11072501090,0,Z,W,,110725,0,79 ST WESTBOUND HHP NB EN
258,S,1,2,N,11857001010,13535001010,,E,W,118570,135350,79 STREET
259,S,1,1,N,11072001120,0,Z,W,,110720,0,79 STREET EB HHP NB EN
260,S,1,1,N,11858001010,0,,E,,118580,0,79 STREET EXTENSION
261,S,1,1,N,11069001110,0,Z,W,,110690,0,79 STREET HHP SB EN
262,S,1,1,N,11069001090,0,Z,W,,110690,0,79 STREET SB ENTRANCE HHP
263,S,1,1,N,11072501100,0,Z,W,,110725,0,79 STREET WB HHP NB EN
264,S,1,2,N,11859001010,13537001010,,E,W,118590,135370,80 STREET
265,S,1,1,N,19751014020,0,B,E,,197510,0,81 ST PEDESTRIAN OVERPASS
266,S,1,2,N,11861001010,13539001010,,E,W,118610,135390,81 STREET
267,S,1,1,N,19751014010,0,B,E,,197510,0,81 STREET PEDESTRIAN OVPS
268,S,1,1,N,11864001020,0,,E,,118640,0,82 ST EXTENSION
269,S,1,2,N,11863001010,13541001010,,E,W,118630,135410,82 STREET
270,S,1,1,N,11864001010,0,,E,,118640,0,82 STREET EXTENSION
271,S,1,2,N,11865001010,13543001010,,E,W,118650,135430,83 STREET
272,S,1,1,N,11868001020,0,,E,,118680,0,84 ST EXTENSION
273,S,1,2,N,11867001010,13545002010,,E,W,118670,135450,84 STREET
274,S,1,1,N,11868001010,0,,E,,118680,0,84 STREET EXTENSION
275,S,1,2,N,11869001010,13547001010,,E,W,118690,135470,85 STREET
276,S,1,2,N,11871001010,13549001010,,E,W,118710,135490,86 STREET
277,S,1,2,N,11873001010,13551001010,,E,W,118730,135510,87 STREET
278,S,1,2,N,11875001010,13553001010,,E,W,118750,135530,88 STREET
279,S,1,2,N,11877001010,13555001010,,E,W,118770,135550,89 STREET
280,S,1,1,N,11880001020,0,,E,,118800,0,90 ST EXTENSION
281,S,1,2,N,11879001010,13557002010,,E,W,118790,135570,90 STREET
282,S,1,1,N,11880001010,0,,E,,118800,0,90 STREET EXTENSION
283,S,1,2,N,11881001010,13559001010,,E,W,118810,135590,91 STREET
284,S,1,1,N,11092001230,0,Z,E,,110920,0,92 ST FDR DRIVE NB EN
285,S,1,1,N,11079501110,0,Z,E,,110795,0,92 ST FDR DRIVE SB EN
286,S,1,1,N,11092001210,0,Z,E,,110920,0,92 ST NB ENTRANCE FDR DRV
287,S,1,1,N,11079501090,0,Z,E,,110795,0,92 ST SB ENTRANCE FDR DRV
288,S,1,2,N,11882001010,13561001010,,E,W,118820,135610,92 STREET
289,S,1,1,N,11092001240,0,Z,E,,110920,0,92 STREET FDR DRIVE NB EN
290,S,1,1,N,11079501120,0,Z,E,,110795,0,92 STREET FDR DRIVE SB EN
291,S,1,2,N,11883001010,13563001010,,E,W,118830,135630,93 STREET
292,S,1,1,N,11886001020,0,,E,,118860,0,94 ST EXTENSION
293,S,1,2,N,11885001010,13565001010,,E,W,118850,135650,94 STREET
294,S,1,1,N,11886001010,0,,E,,118860,0,94 STREET EXTENSION
295,S,1,2,N,11887001010,13567001010,,E,W,118870,135670,95 STREET
296,S,1,1,N,11889002020,0,,E,,118890,0,96 ST EASTBOUND ROADBED
297,S,1,1,N,11890001020,0,,E,,118900,0,96 ST EXTENSION
298,S,1,1,N,11084001110,0,Z,E,,110840,0,96 ST FDR DRIVE NB EN
299,S,1,1,N,11079501320,0,Z,E,,110795,0,96 ST FDR DRIVE SB EN
300,S,1,1,N,11074001110,0,Z,W,,110740,0,96 ST HHP NORTHBOUND EN
301,S,1,1,N,11070001110,0,Z,W,,110700,0,96 ST HHP SOUTHBOUND EN
302,S,1,1,N,11084001090,0,Z,E,,110840,0,96 ST NB ENTRANCE FDR DRV
303,S,1,1,N,11074001090,0,Z,W,,110740,0,96 ST NB ENTRANCE HHP
304,S,1,1,N,11079501300,0,Z,E,,110795,0,96 ST SB ENTRANCE FDR DRV
305,S,1,1,N,11070001090,0,Z,W,,110700,0,96 ST SB ENTRANCE HHP
306,S,1,1,N,11889003020,0,,E,,118890,0,96 ST WESTBOUND ROADBED
307,S,1,2,N,11889001010,13569001010,,E,W,118890,135690,96 STREET
308,S,1,1,N,11889002010,0,,E,,118890,0,96 STREET EB ROADBED
309,S,1,1,N,11890001010,0,,E,,118900,0,96 STREET EXTENSION
310,S,1,1,N,11084001120,0,Z,E,,110840,0,96 STREET FDR DRIVE NB EN
311,S,1,1,N,11079501330,0,Z,E,,110795,0,96 STREET FDR DRIVE SB EN
312,S,1,1,N,11074001120,0,Z,W,,110740,0,96 STREET HHP NB EN
313,S,1,1,N,11070001120,0,Z,W,,110700,0,96 STREET HHP SB EN
314,S,1,1,N,11074001100,0,Z,W,,110740,0,96 STREET NB ENTRANCE HHP
315,S,1,1,N,11070001100,0,Z,W,,110700,0,96 STREET SB ENTRANCE HHP
316,S,1,1,N,11889003010,0,,E,,118890,0,96 STREET WB ROADBED
317,S,1,2,N,11891001010,13571001010,,E,W,118910,135710,97 STREET
318,S,1,2,N,11893001010,13573001010,,E,W,118930,135730,98 STREET
319,S,1,2,N,11895001010,13575001010,,E,W,118950,135750,99 STREET
320,S,1,2,N,11897001010,13577001010,,E,W,118970,135770,100 STREET
321,S,1,2,N,11899001010,13579001010,,E,W,118990,135790,101 STREET
322,S,1,1,N,11087001110,0,Z,E,,110870,0,102 ST FDR DRIVE SB EN
323,S,1,1,N,11087001090,0,Z,E,,110870,0,102 ST SB ENTRANCE FDR DRV
324,S,1,2,N,11901001010,13581001010,,E,W,119010,135810,102 STREET
325,S,1,1,N,11087001120,0,Z,E,,110870,0,102 STREET FDR DRIVE SB EN
326,S,1,1,N,19751002150,0,B,E,,197510,0,103 ST BRIDGE
327,S,1,1,N,19751002120,0,B,E,,197510,0,103 ST FOOT BRIDGE
328,S,1,1,N,19751002020,0,B,E,,197510,0,103 ST FOOTBRIDGE
329,S,1,1,N,19751002080,0,B,E,,197510,0,103 ST PED BRIDGE
330,S,1,1,N,19751002060,0,B,E,,197510,0,103 ST PED OVERPASS
331,S,1,1,N,19751002100,0,B,E,,197510,0,103 ST PEDESTRIAN BRIDGE
332,S,1,1,N,19751002050,0,B,E,,197510,0,103 ST PEDESTRIAN OVERPASS
333,S,1,2,N,11903001010,13583001010,,E,W,119030,135830,103 STREET
334,S,1,1,N,19751002160,0,B,E,,197510,0,103 STREET BRIDGE
335,S,1,1,N,19751002130,0,B,E,,197510,0,103 STREET FOOT BRIDGE
336,S,1,1,N,19751002010,0,B,E,,197510,0,103 STREET FOOTBRIDGE
337,S,1,1,N,19751002090,0,B,E,,197510,0,103 STREET PED BRIDGE
338,S,1,1,N,19751002070,0,B,E,,197510,0,103 STREET PED OVERPASS
339,S,1,1,N,19751002110,0,B,E,,197510,0,103 STREET PEDESTRIAN BRDG
340,S,1,1,N,19751002140,0,B,E,,197510,0,103 STREET PEDESTRIAN OVPS
341,S,1,2,N,11905001010,13585001010,,E,W,119050,135850,104 STREET
342,S,1,2,N,11907001010,13587001010,,E,W,119070,135870,105 STREET
343,S,1,2,N,11909001010,13589002010,,E,W,119090,135890,106 STREET
344,S,1,1,N,11912001020,0,,E,,119120,0,107 ST EXTENSION
345,S,1,2,N,11911001010,13591001010,,E,W,119110,135910,107 STREET
346,S,1,1,N,11912001010,0,,E,,119120,0,107 STREET EXTENSION
347,S,1,2,N,11913001010,13593001010,,E,W,119130,135930,108 STREET
348,S,1,2,N,11915001010,13595001010,,E,W,119150,135950,109 STREET
349,S,1,2,N,11917001010,11421003010,,E,W,119170,114210,110 STREET
350,S,1,1,N,11920001020,0,,E,,119200,0,111 ST EXTENSION
351,S,1,1,N,19751011020,0,B,E,,197510,0,111 ST PEDESTRIAN OVERPASS
352,S,1,2,N,11919001010,13599001010,,E,W,119190,135990,111 STREET
353,S,1,1,N,11920001010,0,,E,,119200,0,111 STREET EXTENSION
354,S,1,1,N,19751011010,0,B,E,,197510,0,111 STREET PEDESTRIAN OVPS
355,S,1,2,N,11921001010,13601001010,,E,W,119210,136010,112 STREET
356,S,1,2,N,11922001010,13603001010,,E,W,119220,136030,113 STREET
357,S,1,1,N,11924001020,0,,E,,119240,0,114 ST EXTENSION
358,S,1,2,N,11923001010,13605001010,,E,W,119230,136050,114 STREET
359,S,1,1,N,11924001010,0,,E,,119240,0,114 STREET EXTENSION
360,S,1,2,N,11925001010,13607001010,,E,W,119250,136070,115 STREET
361,S,1,1,N,11928001020,0,,E,,119280,0,116 ST EXTENSION
362,S,1,1,N,11083501110,0,Z,E,,110835,0,116 ST FDR DRIVE SB EN
363,S,1,1,N,11083501090,0,Z,E,,110835,0,116 ST SB ENTRANCE FDR DRV
364,S,1,1,N,11927001020,0,,E,,119270,0,116 ST-MARIN BOULEVARD
365,S,1,2,N,11927001010,13609001010,,E,W,119270,136090,116 STREET
366,S,1,1,N,11928001010,0,,E,,119280,0,116 STREET EXTENSION
367,S,1,1,N,11083501120,0,Z,E,,110835,0,116 STREET FDR DRIVE SB EN
368,S,1,1,N,11930001020,0,,E,,119300,0,117 ST EXTENSION
369,S,1,2,N,11929001010,13611001010,,E,W,119290,136110,117 STREET
370,S,1,1,N,11930001010,0,,E,,119300,0,117 STREET EXTENSION
371,S,1,1,N,11932001020,0,,E,,119320,0,118 ST EXTENSION
372,S,1,2,N,11931001010,13613001010,,E,W,119310,136130,118 STREET
373,S,1,1,N,11932001010,0,,E,,119320,0,118 STREET EXTENSION
374,S,1,1,N,13616001020,0,,W,,136160,0,119 ST EXTENSION
375,S,1,2,N,11933001010,13615001010,,E,W,119330,136150,119 STREET
376,S,1,1,N,13616001010,0,,W,,136160,0,119 STREET EXTENSION
377,S,1,1,N,19751015020,0,B,E,,197510,0,120 ST PEDESTRIAN OVERPASS
378,S,1,2,N,11935001010,13617002010,,E,W,119350,136170,120 STREET
379,S,1,1,N,19751015010,0,B,E,,197510,0,120 STREET PEDESTRIAN OVPS
380,S,1,2,N,11937001010,13619001010,,E,W,119370,136190,121 STREET
381,S,1,1,N,11940001020,0,,E,,119400,0,122 ST EXTENSION
382,S,1,2,N,11939001010,13621002010,,E,W,119390,136210,122 STREET
383,S,1,1,N,11940001010,0,,E,,119400,0,122 STREET EXTENSION
384,S,1,2,N,11941001010,13623001010,,E,W,119410,136230,123 STREET
385,S,1,2,N,11943001010,13625001010,,E,W,119430,136250,124 STREET
386,S,1,1,N,11946001020,0,,E,,119460,0,125 ST EXTENSION
387,S,1,1,N,11069501120,0,Z,W,,110695,0,125 ST HHP SOUTHBOUND EN
388,S,1,1,N,11069501100,0,Z,W,,110695,0,125 ST SB ENTRANCE HHP
389,S,1,2,N,11945001010,13627001010,,E,W,119450,136270,125 STREET
390,S,1,1,N,11946001010,0,,E,,119460,0,125 STREET EXTENSION
391,S,1,1,N,11069501110,0,Z,W,,110695,0,125 STREET HHP SB EN
392,S,1,1,N,11069501090,0,Z,W,,110695,0,125 STREET SB ENTRANCE HHP
393,S,1,1,N,11078001080,0,Z,E,,110780,0,126 ST HRD NORTHBOUND EN
394,S,1,1,N,11078001060,0,Z,E,,110780,0,126 ST NB ENTRANCE HRD
395,S,1,2,N,11947001010,13629001010,,E,W,119470,136290,126 STREET
396,S,1,1,N,11078001090,0,Z,E,,110780,0,126 STREET HRD NB EN
397,S,1,1,N,11078001070,0,Z,E,,110780,0,126 STREET NB ENTRANCE HRD
398,S,1,1,N,11078001340,0,Z,E,,110780,0,127 ST HRD NORTHBOUND EN
399,S,1,1,N,11078001320,0,Z,E,,110780,0,127 ST NB ENTRANCE HRD
400,S,1,2,N,11949001010,13631001010,,E,W,119490,136310,127 STREET
401,S,1,1,N,11078001350,0,Z,E,,110780,0,127 STREET HRD NB EN
402,S,1,1,N,11078001330,0,Z,E,,110780,0,127 STREET NB ENTRANCE HRD
403,S,1,1,N,19751035060,0,B,E,,197510,0,128 ST PEDESTRIAN BRIDGE
404,S,1,2,N,11951001010,13633001010,,E,W,119510,136330,128 STREET
405,S,1,1,N,19751035050,0,B,E,,197510,0,128 STREET PEDESTRIAN BRDG
406,S,1,1,N,19751035020,0,B,E,,197510,0,128 STREET PEDESTRIAN OVPS
407,S,1,1,N,19751033080,0,B,E,,197510,0,129 ST FOOT BRIDGE
408,S,1,1,N,19751033060,0,B,E,,197510,0,129 ST FOOTBRIDGE
409,S,1,1,N,19751033040,0,B,E,,197510,0,129 ST PEDESTRIAN BRIDGE
410,S,1,1,N,19751033020,0,B,E,,197510,0,129 ST PEDESTRIAN OVERPASS
411,S,1,2,N,11953001010,13635001010,,E,W,119530,136350,129 STREET
412,S,1,1,N,19751033070,0,B,E,,197510,0,129 STREET FOOT BRIDGE
413,S,1,1,N,19751033050,0,B,E,,197510,0,129 STREET FOOTBRIDGE
414,S,1,1,N,19751033030,0,B,E,,197510,0,129 STREET PEDESTRIAN BRDG
415,S,1,1,N,19751033010,0,B,E,,197510,0,129 STREET PEDESTRIAN OVPS
416,S,1,2,N,11955001010,13637001010,,E,W,119550,136370,130 STREET
417,S,1,2,N,11957001010,13639001010,,E,W,119570,136390,131 STREET
418,S,1,1,N,11092501160,0,Z,E,,110925,0,132 ST HRD SOUTHBOUND EN
419,S,1,1,N,11092501140,0,Z,E,,110925,0,132 ST SB ENTRANCE HRD
420,S,1,2,N,11959001010,13641001010,,E,W,119590,136410,132 STREET
421,S,1,1,N,11092501170,0,Z,E,,110925,0,132 STREET HRD SB EN
422,S,1,1,N,11092501150,0,Z,E,,110925,0,132 STREET SB ENTRANCE HRD
423,S,1,2,N,11960001010,13643001010,,E,W,119600,136430,133 STREET
424,S,1,1,N,13646001020,0,,W,,136460,0,134 ST EXTENSION
425,S,1,2,N,11961001010,13645001010,,E,W,119610,136450,134 STREET
426,S,1,1,N,13646001010,0,,W,,136460,0,134 STREET EXTENSION
427,S,1,1,N,11962002020,0,,E,,119620,0,135 ST EASTBOUND ROADBED
428,S,1,1,N,11048501050,0,Z,E,,110485,0,135 ST RAMP
429,S,1,1,N,11962003020,0,,E,,119620,0,135 ST WESTBOUND ROADBED
430,S,1,2,N,11962001010,13647002010,,E,W,119620,136470,135 STREET
431,S,1,1,N,11962002010,0,,E,,119620,0,135 STREET EB ROADBED
432,S,1,1,N,11048501060,0,Z,E,,110485,0,135 STREET RAMP
433,S,1,1,N,11962003010,0,,E,,119620,0,135 STREET WB ROADBED
434,S,1,2,N,10038201010,13649001010,,E,W,100382,136490,136 STREET
435,S,1,2,N,10038301010,13651001010,,E,W,100383,136510,137 STREET
436,S,1,2,N,11968001010,13653002010,,E,W,119680,136530,138 STREET
437,S,1,1,N,11077501080,0,Z,E,,110775,0,139 ST HRD NORTHBOUND EN
438,S,1,1,N,11077501060,0,Z,E,,110775,0,139 ST NB ENTRANCE HRD
439,S,1,2,N,11968101010,13655001010,,E,W,119681,136550,139 STREET
440,S,1,1,N,11077501090,0,Z,E,,110775,0,139 STREET HRD NB EN
441,S,1,1,N,11077501070,0,Z,E,,110775,0,139 STREET NB ENTRANCE HRD
442,S,1,2,N,11968201010,13657001010,,E,W,119682,136570,140 STREET
443,S,1,2,N,11968301010,13659001010,,E,W,119683,136590,141 STREET
444,S,1,1,N,19751009070,0,B,W,,197510,0,142 ST FOOT BRIDGE
445,S,1,1,N,19751009050,0,B,W,,197510,0,142 ST FOOTBRIDGE
446,S,1,1,N,11093001080,0,Z,E,,110930,0,142 ST HRD SOUTHBOUND EN
447,S,1,1,N,19751009040,0,B,W,,197510,0,142 ST PEDESTRIAN BRIDGE
448,S,1,1,N,19751009020,0,B,W,,197510,0,142 ST PEDESTRIAN OVERPASS
449,S,1,1,N,11093001060,0,Z,E,,110930,0,142 ST SB ENTRANCE HRD
450,S,1,1,N,13661001010,0,,W,,136610,0,142 STREET
451,S,1,1,N,19751009080,0,B,W,,197510,0,142 STREET FOOT BRIDGE
452,S,1,1,N,19751009060,0,B,W,,197510,0,142 STREET FOOTBRIDGE
453,S,1,1,N,11093001090,0,Z,E,,110930,0,142 STREET HRD SB EN
454,S,1,1,N,19751009030,0,B,W,,197510,0,142 STREET PEDESTRIAN BRDG
455,S,1,1,N,19751009010,0,B,W,,197510,0,142 STREET PEDESTRIAN OPAS
456,S,1,1,N,11093001070,0,Z,E,,110930,0,142 STREET SB ENTRANCE HRD
457,S,1,1,N,13663001010,0,,W,,136630,0,143 STREET
458,S,1,1,N,13665001010,0,,W,,136650,0,144 STREET
459,S,1,1,N,19775002040,0,B,W,,197750,0,145 ST BR EB ROADBED
460,S,1,1,N,19775003040,0,B,W,,197750,0,145 ST BR WB ROADBED
461,S,1,1,N,19775002030,0,B,W,,197750,0,145 ST BRIDGE EB ROADBED
462,S,1,1,N,19775003030,0,B,W,,197750,0,145 ST BRIDGE WB ROADBED
463,S,1,1,N,13667001010,0,,W,,136670,0,145 STREET
464,S,1,1,N,19775002020,0,B,W,,197750,0,145 STREET BR EB ROADBED
465,S,1,1,N,19775003020,0,B,W,,197750,0,145 STREET BR WB ROADBED
466,S,1,1,N,13669001010,0,,W,,136690,0,146 STREET
467,S,1,1,N,13671001010,0,,W,,136710,0,147 STREET
468,S,1,1,N,19751030060,0,B,W,,197510,0,148 ST FOOT BRIDGE
469,S,1,1,N,19751030080,0,B,W,,197510,0,148 ST FOOTBRIDGE
470,S,1,1,N,19751030040,0,B,W,,197510,0,148 ST PEDESTRIAN BRIDGE
471,S,1,1,N,19751030020,0,B,W,,197510,0,148 ST PEDESTRIAN OVERPASS
472,S,1,1,N,13673001010,0,,W,,136730,0,148 STREET
473,S,1,1,N,19751030050,0,B,W,,197510,0,148 STREET FOOT BRIDGE
474,S,1,1,N,19751030070,0,B,W,,197510,0,148 STREET FOOTBRIDGE
475,S,1,1,N,19751030030,0,B,W,,197510,0,148 STREET PEDESTRIAN BRDG
476,S,1,1,N,19751030010,0,B,W,,197510,0,148 STREET PEDESTRIAN OVPS
477,S,1,1,N,13675001010,0,,W,,136750,0,149 STREET
478,S,1,1,N,13677001010,0,,W,,136770,0,150 STREET
479,S,1,1,N,13680001020,0,,W,,136800,0,151 ST EXTENSION
480,S,1,1,N,13679001010,0,,W,,136790,0,151 STREET
481,S,1,1,N,13680001010,0,,W,,136800,0,151 STREET EXTENSION
482,S,1,1,N,13682001020,0,,W,,136820,0,152 ST EXTENSION
483,S,1,1,N,13681001010,0,,W,,136810,0,152 STREET
484,S,1,1,N,13682001010,0,,W,,136820,0,152 STREET EXTENSION
485,S,1,1,N,13683001010,0,,W,,136830,0,153 STREET
486,S,1,1,N,13685001010,0,,W,,136850,0,154 STREET
487,S,1,1,N,19751031080,0,B,W,,197510,0,155 ST FOOT BRIDGE
488,S,1,1,N,19751031060,0,B,W,,197510,0,155 ST FOOTBRIDGE
489,S,1,1,N,19751031040,0,B,W,,197510,0,155 ST PEDESTRIAN BRIDGE
490,S,1,1,N,19751031020,0,B,W,,197510,0,155 ST PEDESTRIAN OVERPASS
491,S,1,1,N,10021101020,0,,W,,100211,0,155 ST PEDESTRIAN UNP
492,S,1,1,N,13687001010,0,,W,,136870,0,155 STREET
493,S,1,1,N,19751031070,0,B,W,,197510,0,155 STREET FOOT BRIDGE
494,S,1,1,N,19751031050,0,B,W,,197510,0,155 STREET FOOTBRIDGE
495,S,1,1,N,19751031030,0,B,W,,197510,0,155 STREET PEDESTRIAN BRDG
496,S,1,1,N,19751031010,0,B,W,,197510,0,155 STREET PEDESTRIAN OVPS
497,S,1,1,N,10021101010,0,,W,,100211,0,155 STREET PEDESTRIAN UNP
498,S,1,1,N,13689001010,0,,W,,136890,0,156 STREET
499,S,1,1,N,13691001010,0,,W,,136910,0,157 STREET
500,S,1,1,N,13694001020,0,,W,,136940,0,158 ST EXTENSION
501,S,1,1,N,11073501120,0,Z,W,,110735,0,158 ST HHP NORTHBOUND EN
502,S,1,1,N,11071501120,0,Z,W,,110715,0,158 ST HHP SOUTHBOUND EN
503,S,1,1,N,11073501100,0,Z,W,,110735,0,158 ST NB ENTRANCE HHP
504,S,1,1,N,10021001020,0,,W,,100210,0,158 ST PEDESTRIAN UNP
505,S,1,1,N,11071501100,0,Z,W,,110715,0,158 ST SB ENTRANCE HHP
506,S,1,1,N,13693001010,0,,W,,136930,0,158 STREET
507,S,1,1,N,13694001010,0,,W,,136940,0,158 STREET EXTENSION
508,S,1,1,N,11073501110,0,Z,W,,110735,0,158 STREET HHP NB EN
509,S,1,1,N,11071501110,0,Z,W,,110715,0,158 STREET HHP SB EN
510,S,1,1,N,11073501090,0,Z,W,,110735,0,158 STREET NB ENTRANCE HHP
511,S,1,1,N,10021001010,0,,W,,100210,0,158 STREET PEDESTRIAN UNP
512,S,1,1,N,11071501090,0,Z,W,,110715,0,158 STREET SB ENTRANCE HHP
513,S,1,1,N,13695001010,0,,W,,136950,0,159 STREET
514,S,1,1,N,13697001010,0,,W,,136970,0,160 STREET
515,S,1,1,N,13699001010,0,,W,,136990,0,161 STREET
516,S,1,1,N,13701001010,0,,W,,137010,0,162 STREET
517,S,1,1,N,13703001010,0,,W,,137030,0,163 STREET
518,S,1,1,N,13705001010,0,,W,,137050,0,164 STREET
519,S,1,1,N,13708001020,0,,W,,137080,0,165 ST EXTENSION
520,S,1,1,N,13707001010,0,,W,,137070,0,165 STREET
521,S,1,1,N,13708001010,0,,W,,137080,0,165 STREET EXTENSION
522,S,1,1,N,13709001010,0,,W,,137090,0,166 STREET
523,S,1,1,N,13711001010,0,,W,,137110,0,167 STREET
524,S,1,1,N,13714001020,0,,W,,137140,0,168 ST EXTENSION
525,S,1,1,N,13713001010,0,,W,,137130,0,168 STREET
526,S,1,1,N,13714001010,0,,W,,137140,0,168 STREET EXTENSION
527,S,1,1,N,13715001010,0,,W,,137150,0,169 STREET
528,S,1,1,N,13717001010,0,,W,,137170,0,170 STREET
529,S,1,1,N,13719001010,0,,W,,137190,0,171 STREET
530,S,1,1,N,13721001010,0,,W,,137210,0,172 STREET
531,S,1,1,N,13723001010,0,,W,,137230,0,173 STREET
532,S,1,1,N,13724001010,0,,W,,137240,0,174 STREET
533,S,1,1,N,13725001010,0,,W,,137250,0,175 STREET
534,S,1,1,N,19751032080,0,B,W,,197510,0,176 ST FOOT BRIDGE
535,S,1,1,N,19751032060,0,B,W,,197510,0,176 ST FOOTBRIDGE
536,S,1,1,N,19751032040,0,B,W,,197510,0,176 ST PEDESTRIAN BRIDGE
537,S,1,1,N,19751032020,0,B,W,,197510,0,176 ST PEDESTRIAN OVERPASS
538,S,1,1,N,13727001010,0,,W,,137270,0,176 STREET
539,S,1,1,N,19751032070,0,B,W,,197510,0,176 STREET FOOT BRIDGE
540,S,1,1,N,19751032050,0,B,W,,197510,0,176 STREET FOOTBRIDGE
541,S,1,1,N,19751032030,0,B,W,,197510,0,176 STREET PEDESTRIAN BRDG
542,S,1,1,N,19751032010,0,B,W,,197510,0,176 STREET PEDESTRIAN OVPS
543,S,1,1,N,13729001010,0,,W,,137290,0,177 STREET
544,S,1,1,N,19751034070,0,B,W,,197510,0,178 ST PEDESTRIAN BRIDGE
545,S,1,1,N,19751034030,0,B,W,,197510,0,178 ST PEDESTRIAN OVERPASS
546,S,1,1,N,13731001010,0,,W,,137310,0,178 STREET
547,S,1,1,N,19751034060,0,B,W,,197510,0,178 STREET PEDESTRIAN BRDG
548,S,1,1,N,19751034020,0,B,W,,197510,0,178 STREET PEDESTRIAN OVPS
549,S,1,1,N,11068001080,0,Z,W,,110680,0,179 ST G WASHINGTON BR EN
550,S,1,1,N,19751034090,0,B,W,,197510,0,179 ST PEDESTRIAN BRIDGE
551,S,1,1,N,19751034050,0,B,W,,197510,0,179 ST PEDESTRIAN OVERPASS
552,S,1,1,N,13733001010,0,,W,,137330,0,179 STREET
553,S,1,1,N,19751034080,0,B,W,,197510,0,179 STREET PEDESTRIAN BRDG
554,S,1,1,N,19751034040,0,B,W,,197510,0,179 STREET PEDESTRIAN OVPS
555,S,1,1,N,13735001010,0,,W,,137350,0,180 STREET
556,S,1,1,N,19751008030,0,B,W,,197510,0,181 ST FOOT BRIDGE
557,S,1,1,N,19751008060,0,B,W,,197510,0,181 ST FOOTBRIDGE
558,S,1,1,N,11077001120,0,Z,W,,110770,0,181 ST HHP NORTHBOUND EN
559,S,1,1,N,11077001100,0,Z,W,,110770,0,181 ST NB ENTRANCE HHP
560,S,1,1,N,19751008050,0,B,W,,197510,0,181 ST PEDESTRIAN BRIDGE
561,S,1,1,N,19751008020,0,B,W,,197510,0,181 ST PEDESTRIAN OVERPASS
562,S,1,1,N,13737002010,0,,W,,137370,0,181 STREET
563,S,1,1,N,19751008040,0,B,W,,197510,0,181 STREET FOOT BRIDGE
564,S,1,1,N,19751008070,0,B,W,,197510,0,181 STREET FOOTBRIDGE
565,S,1,1,N,11077001110,0,Z,W,,110770,0,181 STREET HHP NB EN
566,S,1,1,N,11077001090,0,Z,W,,110770,0,181 STREET NB ENTRANCE HHP
567,S,1,1,N,19751008080,0,B,W,,197510,0,181 STREET PEDESTRIAN BRDG
568,S,1,1,N,19751008010,0,B,W,,197510,0,181 STREET PEDESTRIAN OVPS
569,S,1,1,N,13739001010,0,,W,,137390,0,182 STREET
570,S,1,1,N,13741001010,0,,W,,137410,0,183 STREET
571,S,1,1,N,13743001010,0,,W,,137430,0,184 STREET
572,S,1,1,N,13745001010,0,,W,,137450,0,185 STREET
573,S,1,1,N,13747002010,0,,W,,137470,0,186 STREET
574,S,1,1,N,13749001010,0,,W,,137490,0,187 STREET
575,S,1,1,N,13751001010,0,,W,,137510,0,188 STREET
576,S,1,1,N,13753001010,0,,W,,137530,0,189 STREET
577,S,1,1,N,13755001010,0,,W,,137550,0,190 STREET
578,S,1,1,N,13757001010,0,,W,,137570,0,191 STREET
579,S,1,1,N,13759001010,0,,W,,137590,0,192 STREET
580,S,1,1,N,13761001010,0,,W,,137610,0,193 STREET
581,S,1,1,N,13762001010,0,,W,,137620,0,196 STREET
582,S,1,1,N,13762401010,0,,W,,137624,0,201 STREET
583,S,1,1,N,13762601010,0,,W,,137626,0,202 STREET
584,S,1,1,N,13762801010,0,,W,,137628,0,203 STREET
585,S,1,1,N,13763001010,0,,W,,137630,0,204 STREET
586,S,1,1,N,13765001010,0,,W,,137650,0,205 STREET
587,S,1,1,N,13767001010,0,,W,,137670,0,206 STREET
588,S,1,1,N,13769002010,0,,W,,137690,0,207 STREET
589,S,1,1,N,13769101010,0,,W,,137691,0,208 STREET
590,S,1,1,N,13770001010,0,,W,,137700,0,211 STREET
591,S,1,1,N,13770101010,0,,W,,137701,0,212 STREET
592,S,1,1,N,13770201010,0,,W,,137702,0,213 STREET
593,S,1,1,N,13770501020,0,,W,,137705,0,214 ST EXTENSION
594,S,1,1,N,13770301010,0,,W,,137703,0,214 STREET
595,S,1,1,N,13770501010,0,,W,,137705,0,214 STREET EXTENSION
596,S,1,1,N,13771001010,0,,W,,137710,0,215 STREET
597,S,1,1,N,13771101010,0,,W,,137711,0,216 STREET
598,S,1,1,N,13771201010,0,,W,,137712,0,217 STREET
599,S,1,1,N,13773001010,0,,W,,137730,0,218 STREET
600,S,1,1,N,13773101010,0,,W,,137731,0,219 STREET
601,S,1,1,N,13773201010,0,,W,,137732,0,220 STREET
602,S,1,1,N,13778001030,0,B,W,,137780,0,225 ST BRIDGE
603,S,1,1,N,13775001010,0,,W,,137750,0,225 STREET
604,S,1,1,N,13778001010,0,B,W,,137780,0,225 STREET BRIDGE
605,S,1,1,N,13777001010,0,,W,,137770,0,227 STREET
606,S,1,1,N,13779001010,0,,W,,137790,0,228 STREET
607,S,1,1,N,19751034130,0,B,W,,197510,0,178-179 ST FOOT BRIDGE
608,S,1,1,N,19751034110,0,B,W,,197510,0,178-179 ST FOOTBRIDGE
609,S,1,1,N,19751034120,0,B,W,,197510,0,178-179 STREET FOOT BRIDGE
610,S,1,1,N,19751034100,0,B,W,,197510,0,178-179 STREET FOOTBRIDGE
611,S,1,1,N,19751034010,0,B,W,,197510,0,178-179 STREET PED OVERPASS
612,S,1,2,,11715001020,13393001020,,E,W,117150,133930,EIGHTH STREET
613,S,1,1,,11709001020,0,,E,,117090,0,FIFTH STREET
614,S,1,1,,11709501020,0,,E,,117095,0,FIFTH WALK
615,S,1,1,,11701001020,0,,E,,117010,0,FIRST STREET
616,S,1,2,,11707001030,13391001020,,E,W,117070,133910,FOURTH STREET
617,S,1,1,,11707501020,0,,E,,117075,0,FOURTH WALK
618,S,1,2,,11989002020,14509002020,,E,W,119890,145090,HOUSTON ST EB ROADBED
619,S,1,1,,11094001080,0,Z,E,,110940,0,HOUSTON ST FDR DRIVE NB EN
620,S,1,1,,11093501080,0,Z,E,,110935,0,HOUSTON ST FDR DRIVE SB EN
621,S,1,1,,10028501020,0,,E,,100285,0,HOUSTON ST PEDESTRIAN OVPS
622,S,1,2,,11989003020,14509003020,,E,W,119890,145090,HOUSTON ST WB ROADBED
623,S,1,2,,11989001010,14509001010,,E,W,119890,145090,HOUSTON STREET
624,S,1,2,,11989002010,14509002010,,E,W,119890,145090,HOUSTON STREET EB ROADBED
625,S,1,2,,11989003010,14509003010,,E,W,119890,145090,HOUSTON STREET WB ROADBED
626,S,1,1,,19751016020,0,B,W,,197510,0,INTREPID MUSEUM PED OVPS
627,S,1,2,,10008501010,10007701010,,E,W,100085,100077,LOOP ROAD
628,S,1,2,,11717001020,13395001020,,E,W,117170,133950,NINTH STREET
629,S,1,1,,11703001020,0,,E,,117030,0,SECOND STREET
630,S,1,1,,11713001020,0,,E,,117130,0,SEVENTH STREET
631,S,1,1,,11111503070,0,,W,,111115,0,SIDE HW
632,S,1,1,,11711001020,0,,E,,117110,0,SIXTH STREET
633,S,1,2,,11719001020,13397001020,,E,W,117190,133970,TENTH STREET
634,S,1,2,,11705001020,13389001020,,E,W,117050,133890,THIRD STREET
635,S,2,1,N,22562001010,0,,E,,225620,0,132 STREET
636,S,2,1,N,22565001010,0,,E,,225650,0,133 STREET
637,S,2,1,N,22568001010,0,,E,,225680,0,134 STREET
638,S,2,1,N,21155001260,0,Z,E,,211550,0,135 ST I   87 NB EN
639,S,2,1,N,21147501260,0,Z,E,,211475,0,135 ST I   87 SB EN
640,S,2,1,N,21155001300,0,Z,E,,211550,0,135 ST I-87 NORTHBOUND EN
641,S,2,1,N,21147501300,0,Z,E,,211475,0,135 ST I-87 SOUTHBOUND EN
642,S,2,1,N,21155001340,0,Z,E,,211550,0,135 ST IN   87 NB EN
643,S,2,1,N,21147501340,0,Z,E,,211475,0,135 ST IN   87 SB EN
644,S,2,1,N,21155001180,0,Z,E,,211550,0,135 ST MDE NORTHBOUND EN
645,S,2,1,N,21147501180,0,Z,E,,211475,0,135 ST MDE SOUTHBOUND EN
646,S,2,1,N,21155001280,0,Z,E,,211550,0,135 ST NB ENTRANCE I   87
647,S,2,1,N,21155001320,0,Z,E,,211550,0,135 ST NB ENTRANCE I-87
648,S,2,1,N,21155001360,0,Z,E,,211550,0,135 ST NB ENTRANCE IN   87
649,S,2,1,N,21155001200,0,Z,E,,211550,0,135 ST NB ENTRANCE MDE
650,S,2,1,N,21147501280,0,Z,E,,211475,0,135 ST SB ENTRANCE I   87
651,S,2,1,N,21147501320,0,Z,E,,211475,0,135 ST SB ENTRANCE I-87
652,S,2,1,N,21147501360,0,Z,E,,211475,0,135 ST SB ENTRANCE IN   87
653,S,2,1,N,21147501200,0,Z,E,,211475,0,135 ST SB ENTRANCE MDE
654,S,2,1,N,22571001010,0,,E,,225710,0,135 STREET
655,S,2,1,N,21155001250,0,Z,E,,211550,0,135 STREET I   87 NB EN
656,S,2,1,N,21147501270,0,Z,E,,211475,0,135 STREET I   87 SB EN
657,S,2,1,N,21155001290,0,Z,E,,211550,0,135 STREET I-87 NB EN
658,S,2,1,N,21147501310,0,Z,E,,211475,0,135 STREET I-87 SB EN
659,S,2,1,N,21155001330,0,Z,E,,211550,0,135 STREET IN   87 NB EN
660,S,2,1,N,21147501350,0,Z,E,,211475,0,135 STREET IN   87 SB EN
661,S,2,1,N,21155001190,0,Z,E,,211550,0,135 STREET MDE NB EN
662,S,2,1,N,21147501190,0,Z,E,,211475,0,135 STREET MDE SB EN
663,S,2,1,N,21147501210,0,Z,E,,211475,0,135 STREET SB ENTRANCE MDE
664,S,2,1,N,22574001010,0,,E,,225740,0,136 STREET
665,S,2,1,N,22577001010,0,,E,,225770,0,137 STREET
666,S,2,1,N,21138001180,0,Z,E,,211380,0,138 ST BRE EASTBOUND EN
667,S,2,1,N,22580003020,0,,E,,225800,0,138 ST EASTBOUND ROADBED
668,S,2,1,N,21138001160,0,Z,E,,211380,0,138 ST EB ENTRANCE BRE
669,S,2,1,N,21138001230,0,Z,E,,211380,0,138 ST EB ENTRANCE I  278
670,S,2,1,N,21138001260,0,Z,E,,211380,0,138 ST EB ENTRANCE IN  278
671,S,2,1,N,21153001280,0,Z,E,,211530,0,138 ST I   87 NB EN
672,S,2,1,N,21138001300,0,Z,E,,211380,0,138 ST I  278 EASTBOUND EN
673,S,2,1,N,21138001250,0,Z,E,,211380,0,138 ST I-278 EASTBOUND EN
674,S,2,1,N,21153001310,0,Z,E,,211530,0,138 ST I-87 NORTHBOUND EN
675,S,2,1,N,21153001350,0,Z,E,,211530,0,138 ST IN   87 NB EN
676,S,2,1,N,21138001270,0,Z,E,,211380,0,138 ST IN  278 EB EN
677,S,2,1,N,21153001200,0,Z,E,,211530,0,138 ST MDE NORTHBOUND EN
678,S,2,1,N,21153001260,0,Z,E,,211530,0,138 ST NB ENTRANCE I   87
679,S,2,1,N,21153001290,0,Z,E,,211530,0,138 ST NB ENTRANCE I-87
680,S,2,1,N,21153001320,0,Z,E,,211530,0,138 ST NB ENTRANCE IN   87
681,S,2,1,N,21153001180,0,Z,E,,211530,0,138 ST NB ENTRANCE MDE
682,S,2,1,N,22580002020,0,,E,,225800,0,138 ST WESTBOUND ROADBED
683,S,2,1,N,22580001010,0,,E,,225800,0,138 STREET
684,S,2,1,N,21138001170,0,Z,E,,211380,0,138 STREET BRE EB EN
685,S,2,1,N,21138001150,0,Z,E,,211380,0,138 STREET EB ENTRANCE BRE
686,S,2,1,N,22580003010,0,,E,,225800,0,138 STREET EB ROADBED
687,S,2,1,N,21153001270,0,Z,E,,211530,0,138 STREET I   87 NB EN
688,S,2,1,N,21138001210,0,Z,E,,211380,0,138 STREET I  278 EB EN
689,S,2,1,N,21153001300,0,Z,E,,211530,0,138 STREET I-87 NB EN
690,S,2,1,N,21153001340,0,Z,E,,211530,0,138 STREET IN   87 NB EN
691,S,2,1,N,21153001190,0,Z,E,,211530,0,138 STREET MDE NB EN
692,S,2,1,N,21153001170,0,Z,E,,211530,0,138 STREET NB ENTRANCE MDE
693,S,2,1,N,22580002010,0,,E,,225800,0,138 STREET WB ROADBED
694,S,2,1,N,22583001010,0,,E,,225830,0,139 STREET
695,S,2,1,N,22586001010,0,,E,,225860,0,140 STREET
696,S,2,1,N,22589001010,0,,E,,225890,0,141 STREET
697,S,2,1,N,22592001010,0,,E,,225920,0,142 STREET
698,S,2,1,N,22595001010,0,,E,,225950,0,143 STREET
699,S,2,1,N,22598001010,0,,E,,225980,0,144 STREET
700,S,2,1,N,29830006220,0,B,W,,298300,0,145 ST BR AP EB ROADBED
701,S,2,1,N,29830005220,0,B,W,,298300,0,145 ST BR AP WB ROADBED
702,S,2,1,N,29830004080,0,B,W,,298300,0,145 ST BR EB ROADBED
703,S,2,1,N,29830003080,0,B,W,,298300,0,145 ST BR WB ROADBED
704,S,2,1,N,29830004070,0,B,W,,298300,0,145 ST BRIDGE EB ROADBED
705,S,2,1,N,29830003070,0,B,W,,298300,0,145 ST BRIDGE WB ROADBED
706,S,2,1,N,22601001010,0,,E,,226010,0,145 STREET
707,S,2,1,N,29830004060,0,B,W,,298300,0,145 STREET BR EB ROADBED
708,S,2,1,N,29830003060,0,B,W,,298300,0,145 STREET BR WB ROADBED
709,S,2,1,N,22604001010,0,,E,,226040,0,146 STREET
710,S,2,1,N,22607001010,0,,E,,226070,0,147 STREET
711,S,2,1,N,22610001010,0,,E,,226100,0,148 STREET
712,S,2,1,N,29830006110,0,B,E,,298300,0,149 ST BR AP EB ROADBED
713,S,2,1,N,29830005110,0,B,E,,298300,0,149 ST BR AP WB ROADBED
714,S,2,1,N,29830006100,0,B,E,,298300,0,149 ST BR APPR EB ROADBED
715,S,2,1,N,29830005100,0,B,E,,298300,0,149 ST BR APPR WB ROADBED
716,S,2,1,N,29830002020,0,B,E,,298300,0,149 ST BR APPROACH
717,S,2,1,N,29830004040,0,B,E,,298300,0,149 ST BR EB ROADBED
718,S,2,1,N,29830003040,0,B,E,,298300,0,149 ST BR WB ROADBED
719,S,2,1,N,29830001010,0,B,E,,298300,0,149 ST BRIDGE
720,S,2,1,N,29830002010,0,B,E,,298300,0,149 ST BRIDGE APPROACH
721,S,2,1,N,29830004020,0,B,E,,298300,0,149 ST BRIDGE EB ROADBED
722,S,2,1,N,29830003020,0,B,E,,298300,0,149 ST BRIDGE WB ROADBED
723,S,2,1,N,22613003020,0,,E,,226130,0,149 ST EASTBOUND ROADBED
724,S,2,1,N,22613002020,0,,E,,226130,0,149 ST WESTBOUND ROADBED
725,S,2,1,N,22613001010,0,,E,,226130,0,149 STREET
726,S,2,1,N,29830002030,0,B,E,,298300,0,149 STREET BR APPROACH
727,S,2,1,N,29830004030,0,B,E,,298300,0,149 STREET BR EB ROADBED
728,S,2,1,N,29830003030,0,B,E,,298300,0,149 STREET BR WB ROADBED
729,S,2,1,N,29830001110,0,B,E,,298300,0,149 STREET BRIDGE
730,S,2,1,N,29830002040,0,B,E,,298300,0,149 STREET BRIDGE APPROACH
731,S,2,1,N,22613003010,0,,E,,226130,0,149 STREET EB ROADBED
732,S,2,1,N,22613002010,0,,E,,226130,0,149 STREET WB ROADBED
733,S,2,1,N,22616001010,0,,E,,226160,0,150 STREET
734,S,2,1,N,22619001010,0,,E,,226190,0,151 STREET
735,S,2,1,N,22622001010,0,,E,,226220,0,152 STREET
736,S,2,1,N,21154001280,0,Z,E,,211540,0,153 ST I   87 SB EN
737,S,2,1,N,21154001320,0,Z,E,,211540,0,153 ST I-87 SOUTHBOUND EN
738,S,2,1,N,21154001380,0,Z,E,,211540,0,153 ST IN   87 SB EN
739,S,2,1,N,21154001200,0,Z,E,,211540,0,153 ST MDE SOUTHBOUND EN
740,S,2,1,N,21154001260,0,Z,E,,211540,0,153 ST SB ENTRANCE I   87
741,S,2,1,N,21154001300,0,Z,E,,211540,0,153 ST SB ENTRANCE I-87
742,S,2,1,N,21154001340,0,Z,E,,211540,0,153 ST SB ENTRANCE IN   87
743,S,2,1,N,21154001180,0,Z,E,,211540,0,153 ST SB ENTRANCE MDE
744,S,2,1,N,22625001010,0,,E,,226250,0,153 STREET
745,S,2,1,N,21154001290,0,Z,E,,211540,0,153 STREET I   87 SB EN
746,S,2,1,N,21154001330,0,Z,E,,211540,0,153 STREET I-87 SB EN
747,S,2,1,N,21154001390,0,Z,E,,211540,0,153 STREET IN   87 SB EN
748,S,2,1,N,21154001210,0,Z,E,,211540,0,153 STREET MDE SB EN
749,S,2,1,N,21154001190,0,Z,E,,211540,0,153 STREET SB ENTRANCE MDE
750,S,2,1,N,22628001010,0,,E,,226280,0,154 STREET
751,S,2,1,N,22631001010,0,,E,,226310,0,155 STREET
752,S,2,1,N,22634001010,0,,E,,226340,0,156 STREET
753,S,2,1,N,22637001010,0,,E,,226370,0,157 STREET
754,S,2,1,N,22640001010,0,,E,,226400,0,158 STREET
755,S,2,1,N,22643001010,0,,E,,226430,0,159 STREET
756,S,2,1,N,22646001010,0,,E,,226460,0,160 STREET
757,S,2,1,N,29810003130,0,B,W,,298100,0,161 ST BRIDGE
758,S,2,1,N,22649004020,0,,E,,226490,0,161 ST EASTBOUND ROADBED
759,S,2,1,N,29810003110,0,B,W,,298100,0,161 ST FOOT BRIDGE
760,S,2,1,N,29810003090,0,B,W,,298100,0,161 ST FOOTBRIDGE
761,S,2,1,N,29810003070,0,B,W,,298100,0,161 ST PED BRIDGE
762,S,2,1,N,29810003030,0,B,W,,298100,0,161 ST PED OVERPASS
763,S,2,1,N,29810003050,0,B,W,,298100,0,161 ST PEDESTRIAN BRIDGE
764,S,2,1,N,29810003010,0,B,W,,298100,0,161 ST PEDESTRIAN OVERPASS
765,S,2,1,N,22649003020,0,,E,,226490,0,161 ST WESTBOUND ROADBED
766,S,2,2,N,22649001010,27411501010,,E,W,226490,274115,161 STREET
767,S,2,1,N,29810003140,0,B,W,,298100,0,161 STREET BRIDGE
768,S,2,1,N,22649004010,0,,E,,226490,0,161 STREET EB ROADBED
769,S,2,1,N,29810003120,0,B,W,,298100,0,161 STREET FOOT BRIDGE
770,S,2,1,N,29810003100,0,B,W,,298100,0,161 STREET FOOTBRIDGE
771,S,2,1,N,29810003080,0,B,W,,298100,0,161 STREET PED BRIDGE
772,S,2,1,N,29810003040,0,B,W,,298100,0,161 STREET PED OVERPASS
773,S,2,1,N,29810003060,0,B,W,,298100,0,161 STREET PEDESTRIAN BRDG
774,S,2,1,N,29810003020,0,B,W,,298100,0,161 STREET PEDESTRIAN OVPS
775,S,2,1,N,22649003010,0,,E,,226490,0,161 STREET WB ROADBED
776,S,2,2,N,22652001010,27412001010,,E,W,226520,274120,162 STREET
777,S,2,2,N,22655001010,27415001010,,E,W,226550,274150,163 STREET
778,S,2,2,N,22658001010,27417001010,,E,W,226580,274170,164 STREET
779,S,2,1,N,27422001020,0,,W,,274220,0,165 ST STEP
780,S,2,1,N,27422001030,0,,W,,274220,0,165 ST STEPS
781,S,2,2,N,22661001010,27421001010,,E,W,226610,274210,165 STREET
782,S,2,1,N,27422001010,0,,W,,274220,0,165 STREET STEP
783,S,2,2,N,22664001010,27424001010,,E,W,226640,274240,166 STREET
784,S,2,1,N,22667004020,0,,E,,226670,0,167 ST EASTBOUND ROADBED
785,S,2,1,N,22667012020,0,,E,,226670,0,167 ST INNER EB ROADBED
786,S,2,1,N,22667010020,0,,E,,226670,0,167 ST INNER WB ROADBED
787,S,2,1,N,22667008020,0,,E,,226670,0,167 ST LOWER EB ROADBED
788,S,2,1,N,22667006020,0,,E,,226670,0,167 ST LOWER WB ROADBED
789,S,2,1,N,22667011020,0,,E,,226670,0,167 ST OUTER EB ROADBED
790,S,2,1,N,22667009020,0,,E,,226670,0,167 ST OUTER WB ROADBED
791,S,2,1,N,22667007020,0,,E,,226670,0,167 ST UPPER EB ROADBED
792,S,2,1,N,22667005020,0,,E,,226670,0,167 ST UPPER WB ROADBED
793,S,2,1,N,22667003020,0,,E,,226670,0,167 ST WESTBOUND ROADBED
794,S,2,2,N,22667001010,27425001010,,E,W,226670,274250,167 STREET
795,S,2,1,N,22667004010,0,,E,,226670,0,167 STREET EB ROADBED
796,S,2,1,N,22667003010,0,,E,,226670,0,167 STREET WB ROADBED
797,S,2,2,N,22670001010,27426001010,,E,W,226700,274260,168 STREET
798,S,2,2,N,22673001010,27433001010,,E,W,226730,274330,169 STREET
799,S,2,1,N,22676003020,0,,E,,226760,0,170 ST EASTBOUND ROADBED
800,S,2,1,N,22676002020,0,,E,,226760,0,170 ST WESTBOUND ROADBED
801,S,2,2,N,22676001010,27436001010,,E,W,226760,274360,170 STREET
802,S,2,1,N,22676003010,0,,E,,226760,0,170 STREET EB ROADBED
803,S,2,1,N,22676002010,0,,E,,226760,0,170 STREET WB ROADBED
804,S,2,2,N,22679001010,27437001010,,E,W,226790,274370,171 STREET
805,S,2,2,N,22682001010,27438001010,,E,W,226820,274380,172 STREET
806,S,2,1,N,22685001010,0,,E,,226850,0,173 STREET
807,S,2,1,N,22688005040,0,B,E,,226880,0,174 ST BR EB ROADBED
808,S,2,1,N,22688006040,0,B,E,,226880,0,174 ST BR WB ROADBED
809,S,2,1,N,22688004010,0,B,E,,226880,0,174 ST BRIDGE
810,S,2,1,N,22688005020,0,B,E,,226880,0,174 ST BRIDGE EB ROADBED
811,S,2,1,N,22688006020,0,B,E,,226880,0,174 ST BRIDGE WB ROADBED
812,S,2,1,N,21104001090,0,Z,E,,211040,0,174 ST BRP SOUTHBOUND EN
813,S,2,1,N,22688003020,0,,E,,226880,0,174 ST EASTBOUND ROADBED
814,S,2,1,N,21104001140,0,Z,E,,211040,0,174 ST SB ENTRANCE BRP
815,S,2,1,N,22688002020,0,,E,,226880,0,174 ST WESTBOUND ROADBED
816,S,2,2,N,22688001010,27440001010,,E,W,226880,274400,174 STREET
817,S,2,1,N,22688005030,0,B,E,,226880,0,174 STREET BR EB ROADBED
818,S,2,1,N,22688006030,0,B,E,,226880,0,174 STREET BR WB ROADBED
819,S,2,1,N,22688004020,0,B,E,,226880,0,174 STREET BRIDGE
820,S,2,1,N,21104001080,0,Z,E,,211040,0,174 STREET BRP SB EN
821,S,2,1,N,22688003010,0,,E,,226880,0,174 STREET EB ROADBED
822,S,2,1,N,21104001070,0,Z,E,,211040,0,174 STREET SB ENTRANCE BRP
823,S,2,1,N,22688002010,0,,E,,226880,0,174 STREET WB ROADBED
824,S,2,2,N,22691001010,27445001010,,E,W,226910,274450,175 STREET
825,S,2,2,N,22694001010,27448001010,,E,W,226940,274480,176 STREET
826,S,2,1,N,22697003010,0,,E,,226970,0,177 ST NORTH
827,S,2,1,N,22697004010,0,,E,,226970,0,177 ST SOUTH
828,S,2,2,N,22697001010,27451001010,,E,W,226970,274510,177 STREET
829,S,2,1,N,22697003020,0,,E,,226970,0,177 STREET NORTH
830,S,2,1,N,22697004020,0,,E,,226970,0,177 STREET SOUTH
831,S,2,1,N,29810006140,0,B,E,,298100,0,178 ST BRIDGE
832,S,2,1,N,29810006030,0,B,E,,298100,0,178 ST FOOT BRIDGE
833,S,2,1,N,29810006010,0,B,E,,298100,0,178 ST FOOTBRIDGE
834,S,2,1,N,29810006120,0,B,E,,298100,0,178 ST PED BRIDGE
835,S,2,1,N,29810006080,0,B,E,,298100,0,178 ST PED OVERPASS
836,S,2,1,N,29810006100,0,B,E,,298100,0,178 ST PEDESTRIAN BRIDGE
837,S,2,1,N,29810006050,0,B,E,,298100,0,178 ST PEDESTRIAN OVERPASS
838,S,2,2,N,22700001010,27453001010,,E,W,227000,274530,178 STREET
839,S,2,1,N,29810006130,0,B,E,,298100,0,178 STREET BRIDGE
840,S,2,1,N,29810006040,0,B,E,,298100,0,178 STREET FOOT BRIDGE
841,S,2,1,N,29810006020,0,B,E,,298100,0,178 STREET FOOTBRIDGE
842,S,2,1,N,29810006110,0,B,E,,298100,0,178 STREET PED BRIDGE
843,S,2,1,N,29810006070,0,B,E,,298100,0,178 STREET PED OVERPASS
844,S,2,1,N,29810006090,0,B,E,,298100,0,178 STREET PEDESTRIAN BRDG
845,S,2,1,N,29810006060,0,B,E,,298100,0,178 STREET PEDESTRIAN OVPS
846,S,2,1,N,29810007140,0,B,E,,298100,0,179 ST BRIDGE
847,S,2,1,N,29810007030,0,B,E,,298100,0,179 ST FOOT BRIDGE
848,S,2,1,N,29810007010,0,B,E,,298100,0,179 ST FOOTBRIDGE
849,S,2,1,N,21152501280,0,Z,W,,211525,0,179 ST I   87 NB EN
850,S,2,1,N,21152501320,0,Z,W,,211525,0,179 ST I-87 NORTHBOUND EN
851,S,2,1,N,21152501360,0,Z,W,,211525,0,179 ST IN   87 NB EN
852,S,2,1,N,21152501200,0,Z,W,,211525,0,179 ST MDE NORTHBOUND EN
853,S,2,1,N,21152501260,0,Z,W,,211525,0,179 ST NB ENTRANCE I   87
854,S,2,1,N,21152501300,0,Z,W,,211525,0,179 ST NB ENTRANCE I-87
855,S,2,1,N,21152501340,0,Z,W,,211525,0,179 ST NB ENTRANCE IN   87
856,S,2,1,N,21152501180,0,Z,W,,211525,0,179 ST NB ENTRANCE MDE
857,S,2,1,N,29810007110,0,B,E,,298100,0,179 ST PED BRIDGE
858,S,2,1,N,29810007070,0,B,E,,298100,0,179 ST PED OVERPASS
859,S,2,1,N,29810007120,0,B,E,,298100,0,179 ST PEDESTRIAN BRIDGE
860,S,2,1,N,29810007080,0,B,E,,298100,0,179 ST PEDESTRIAN OVERPASS
861,S,2,2,N,22703001010,27457001010,,E,W,227030,274570,179 STREET
862,S,2,1,N,29810007130,0,B,E,,298100,0,179 STREET BRIDGE
863,S,2,1,N,29810007040,0,B,E,,298100,0,179 STREET FOOT BRIDGE
864,S,2,1,N,29810007020,0,B,E,,298100,0,179 STREET FOOTBRIDGE
865,S,2,1,N,21152501290,0,Z,W,,211525,0,179 STREET I   87 NB EN
866,S,2,1,N,21152501330,0,Z,W,,211525,0,179 STREET I-87 NB EN
867,S,2,1,N,21152501370,0,Z,W,,211525,0,179 STREET IN   87 NB EN
868,S,2,1,N,21152501210,0,Z,W,,211525,0,179 STREET MDE NB EN
869,S,2,1,N,21152501190,0,Z,W,,211525,0,179 STREET NB ENTRANCE MDE
870,S,2,1,N,29810007090,0,B,E,,298100,0,179 STREET PED BRIDGE
871,S,2,1,N,29810007060,0,B,E,,298100,0,179 STREET PED OVERPASS
872,S,2,1,N,29810007100,0,B,E,,298100,0,179 STREET PEDESTRIAN BRDG
873,S,2,1,N,29810007050,0,B,E,,298100,0,179 STREET PEDESTRIAN OVPS
874,S,2,2,N,22706001010,27461001010,,E,W,227060,274610,180 STREET
875,S,2,2,N,22709001010,27463001010,,E,W,227090,274630,181 STREET
876,S,2,2,N,22712001010,27466001010,,E,W,227120,274660,182 STREET
877,S,2,2,N,22715001010,27469001010,,E,W,227150,274690,183 STREET
878,S,2,2,N,22718001010,27472001010,,E,W,227180,274720,184 STREET
879,S,2,1,N,22721001010,0,,E,,227210,0,185 STREET
880,S,2,1,N,22724001010,0,,E,,227240,0,186 STREET
881,S,2,1,N,22727001010,0,,E,,227270,0,187 STREET
882,S,2,2,N,22730001010,27475002010,,E,W,227300,274750,188 STREET
883,S,2,2,N,22733001010,27476001010,,E,W,227330,274760,189 STREET
884,S,2,2,N,22736001010,27478001010,,E,W,227360,274780,190 STREET
885,S,2,2,N,22739001010,27479001010,,E,W,227390,274790,191 STREET
886,S,2,2,N,22742001010,27481001010,,E,W,227420,274810,192 STREET
887,S,2,2,N,22745001010,27483001010,,E,W,227450,274830,193 STREET
888,S,2,1,N,22748001010,0,,E,,227480,0,194 STREET
889,S,2,2,N,22751001010,27484001010,,E,W,227510,274840,195 STREET
890,S,2,1,N,22754001010,0,,E,,227540,0,196 STREET
891,S,2,2,N,22757001010,27487001010,,E,W,227570,274870,197 STREET
892,S,2,1,N,22760001010,0,,E,,227600,0,198 STREET
893,S,2,1,N,22763001010,0,,E,,227630,0,199 STREET
894,S,2,1,N,21222006020,0,,E,,212220,0,200 ST EASTBOUND ROADBED
895,S,2,1,N,21222013020,0,,E,,212220,0,200 ST INNER EB ROADBED
896,S,2,1,N,21222011020,0,,E,,212220,0,200 ST INNER WB ROADBED
897,S,2,1,N,21222014020,0,,E,,212220,0,200 ST OUTER EB ROADBED
898,S,2,1,N,21222012020,0,,E,,212220,0,200 ST OUTER WB ROADBED
899,S,2,1,N,21222005020,0,,E,,212220,0,200 ST WESTBOUND ROADBED
900,S,2,2,N,21222002010,21222502010,,E,W,212220,212225,200 STREET
901,S,2,1,N,21222006010,0,,E,,212220,0,200 STREET EB ROADBED
902,S,2,1,N,21222005010,0,,E,,212220,0,200 STREET WB ROADBED
903,S,2,1,N,22766001010,0,,E,,227660,0,201 STREET
904,S,2,1,N,22769001010,0,,E,,227690,0,202 STREET
905,S,2,1,N,22772001010,0,,E,,227720,0,203 STREET
906,S,2,1,N,29810010090,0,B,E,,298100,0,204 ST BRIDGE
907,S,2,1,N,22775003020,0,,E,,227750,0,204 ST EASTBOUND ROADBED
908,S,2,1,N,29810010070,0,B,E,,298100,0,204 ST FOOT BRIDGE
909,S,2,1,N,29810010010,0,B,E,,298100,0,204 ST FOOTBRIDGE
910,S,2,1,N,29810010050,0,B,E,,298100,0,204 ST PEDESTRIAN BRIDGE
911,S,2,1,N,29810010030,0,B,E,,298100,0,204 ST PEDESTRIAN OVERPASS
912,S,2,1,N,22775002020,0,,E,,227750,0,204 ST WESTBOUND ROADBED
913,S,2,1,N,22775001010,0,,E,,227750,0,204 STREET
914,S,2,1,N,29810010100,0,B,E,,298100,0,204 STREET BRIDGE
915,S,2,1,N,22775003010,0,,E,,227750,0,204 STREET EB ROADBED
916,S,2,1,N,29810010080,0,B,E,,298100,0,204 STREET FOOT BRIDGE
917,S,2,1,N,29810010020,0,B,E,,298100,0,204 STREET FOOTBRIDGE
918,S,2,1,N,29810010060,0,B,E,,298100,0,204 STREET PEDESTRIAN BRDG
919,S,2,1,N,29810010040,0,B,E,,298100,0,204 STREET PEDESTRIAN OVPS
920,S,2,1,N,22775002010,0,,E,,227750,0,204 STREET WB ROADBED
921,S,2,2,N,22778001010,27488001010,,E,W,227780,274880,205 STREET
922,S,2,1,N,22781001010,0,,E,,227810,0,206 STREET
923,S,2,1,N,22784001010,0,,E,,227840,0,207 STREET
924,S,2,1,N,22787001010,0,,E,,227870,0,208 STREET
925,S,2,1,N,22790001010,0,,E,,227900,0,209 STREET
926,S,2,1,N,22793001010,0,,E,,227930,0,210 STREET
927,S,2,1,N,22796001010,0,,E,,227960,0,211 STREET
928,S,2,1,N,22799001010,0,,E,,227990,0,212 STREET
929,S,2,1,N,22802001010,0,,E,,228020,0,213 STREET
930,S,2,1,N,22805001010,0,,E,,228050,0,214 STREET
931,S,2,1,N,22808001010,0,,E,,228080,0,215 STREET
932,S,2,1,N,22811001010,0,,E,,228110,0,216 STREET
933,S,2,1,N,22814001010,0,,E,,228140,0,217 STREET
934,S,2,1,N,22817001010,0,,E,,228170,0,218 STREET
935,S,2,1,N,22820001010,0,,E,,228200,0,219 STREET
936,S,2,1,N,22823001010,0,,E,,228230,0,220 STREET
937,S,2,1,N,22826001010,0,,E,,228260,0,221 STREET
938,S,2,1,N,29810004130,0,B,E,,298100,0,222 ST BRIDGE
939,S,2,1,N,29810004110,0,B,E,,298100,0,222 ST FOOT BRIDGE
940,S,2,1,N,29810004090,0,B,E,,298100,0,222 ST FOOTBRIDGE
941,S,2,1,N,21109501510,0,Z,E,,211095,0,222 ST I   95 SB EN
942,S,2,1,N,21109501280,0,Z,E,,211095,0,222 ST I-95 SOUTHBOUND EN
943,S,2,1,N,21109501320,0,Z,E,,211095,0,222 ST IN   95 SB EN
944,S,2,1,N,21109501200,0,Z,E,,211095,0,222 ST NET SOUTHBOUND EN
945,S,2,1,N,29810004070,0,B,E,,298100,0,222 ST PED BRIDGE
946,S,2,1,N,29810004030,0,B,E,,298100,0,222 ST PED OVERPASS
947,S,2,1,N,29810004050,0,B,E,,298100,0,222 ST PEDESTRIAN BRIDGE
948,S,2,1,N,29810004010,0,B,E,,298100,0,222 ST PEDESTRIAN OVERPASS
949,S,2,1,N,21109501230,0,Z,E,,211095,0,222 ST SB ENTRANCE I   95
950,S,2,1,N,21109501270,0,Z,E,,211095,0,222 ST SB ENTRANCE I-95
951,S,2,1,N,21109501310,0,Z,E,,211095,0,222 ST SB ENTRANCE IN   95
952,S,2,1,N,21109501190,0,Z,E,,211095,0,222 ST SB ENTRANCE NET
953,S,2,1,N,21109501240,0,Z,E,,211095,0,222 ST SB I   95 SB EN
954,S,2,1,N,22829001010,0,,E,,228290,0,222 STREET
955,S,2,1,N,29810004140,0,B,E,,298100,0,222 STREET BRIDGE
956,S,2,1,N,29810004120,0,B,E,,298100,0,222 STREET FOOT BRIDGE
957,S,2,1,N,29810004100,0,B,E,,298100,0,222 STREET FOOTBRIDGE
958,S,2,1,N,21109501220,0,Z,E,,211095,0,222 STREET I   95 SB EN
959,S,2,1,N,21109501260,0,Z,E,,211095,0,222 STREET I-95 SB EN
960,S,2,1,N,21109501300,0,Z,E,,211095,0,222 STREET IN   95 SB EN
961,S,2,1,N,21109501180,0,Z,E,,211095,0,222 STREET NET SB EN
962,S,2,1,N,29810004080,0,B,E,,298100,0,222 STREET PED BRIDGE
963,S,2,1,N,29810004040,0,B,E,,298100,0,222 STREET PED OVERPASS
964,S,2,1,N,29810004060,0,B,E,,298100,0,222 STREET PEDESTRIAN BRDG
965,S,2,1,N,29810004020,0,B,E,,298100,0,222 STREET PEDESTRIAN OVPS
966,S,2,1,N,21109501170,0,Z,E,,211095,0,222 STREET SB ENTRANCE NET
967,S,2,1,N,22832001010,0,,E,,228320,0,223 STREET
968,S,2,1,N,22835001010,0,,E,,228350,0,224 STREET
969,S,2,1,N,27489101030,0,B,W,,274891,0,225 ST BRIDGE
970,S,2,2,N,22838001010,27489001010,,E,W,228380,274890,225 STREET
971,S,2,1,N,27489101010,0,B,W,,274891,0,225 STREET BRIDGE
972,S,2,1,N,22841001010,0,,E,,228410,0,226 STREET
973,S,2,2,N,22844001010,27490001010,,E,W,228440,274900,227 STREET
974,S,2,2,N,22847001010,27491001010,,E,W,228470,274910,228 STREET
975,S,2,1,N,27492501020,0,,W,,274925,0,229 ST EXTENSION
976,S,2,2,N,22850001010,27492001010,,E,W,228500,274920,229 STREET
977,S,2,1,N,27492501090,0,,W,,274925,0,229 STREET EXTENSION
978,S,2,1,N,21150501260,0,Z,W,,211505,0,230 ST I   87 NB EN
979,S,2,1,N,21143501250,0,Z,W,,211435,0,230 ST I   87 SB EN
980,S,2,1,N,21150501300,0,Z,W,,211505,0,230 ST I-87 NORTHBOUND EN
981,S,2,1,N,21143501290,0,Z,W,,211435,0,230 ST I-87 SOUTHBOUND EN
982,S,2,1,N,21150501340,0,Z,W,,211505,0,230 ST IN   87 NB EN
983,S,2,1,N,21143501330,0,Z,W,,211435,0,230 ST IN   87 SB EN
984,S,2,1,N,21150501180,0,Z,W,,211505,0,230 ST MDE NORTHBOUND EN
985,S,2,1,N,21143501180,0,Z,W,,211435,0,230 ST MDE SOUTHBOUND EN
986,S,2,1,N,21150501240,0,Z,W,,211505,0,230 ST NB ENTRANCE I   87
987,S,2,1,N,21150501280,0,Z,W,,211505,0,230 ST NB ENTRANCE I-87
988,S,2,1,N,21150501320,0,Z,W,,211505,0,230 ST NB ENTRANCE IN   87
989,S,2,1,N,21150501160,0,Z,W,,211505,0,230 ST NB ENTRANCE MDE
990,S,2,1,N,21143501230,0,Z,W,,211435,0,230 ST SB ENTRANCE I   87
991,S,2,1,N,21143501270,0,Z,W,,211435,0,230 ST SB ENTRANCE I-87
992,S,2,1,N,21143501310,0,Z,W,,211435,0,230 ST SB ENTRANCE IN   87
993,S,2,1,N,21143501160,0,Z,W,,211435,0,230 ST SB ENTRANCE MDE
994,S,2,2,N,22853001010,27493001010,,E,W,228530,274930,230 STREET
995,S,2,1,N,21150501270,0,Z,W,,211505,0,230 STREET I   87 NB EN
996,S,2,1,N,21143501260,0,Z,W,,211435,0,230 STREET I   87 SB EN
997,S,2,1,N,21150501310,0,Z,W,,211505,0,230 STREET I-87 NB EN
998,S,2,1,N,21143501300,0,Z,W,,211435,0,230 STREET I-87 SB EN
999,S,2,1,N,21150501350,0,Z,W,,211505,0,230 STREET IN   87 NB EN
1000,S,2,1,N,21143501340,0,Z,W,,211435,0,230 STREET IN   87 SB EN
1001,S,2,1,N,21150501190,0,Z,W,,211505,0,230 STREET MDE NB EN
1002,S,2,1,N,21143501190,0,Z,W,,211435,0,230 STREET MDE SB EN
1003,S,2,1,N,21150501170,0,Z,W,,211505,0,230 STREET NB ENTRANCE MDE
1004,S,2,1,N,21143501170,0,Z,W,,211435,0,230 STREET SB ENTRANCE MDE
1005,S,2,2,N,22856001010,27496001010,,E,W,228560,274960,231 STREET
1006,S,2,1,N,27499002020,0,,W,,274990,0,232 ST EXTENSION
1007,S,2,1,N,21131001120,0,Z,W,,211310,0,232 ST HHP NORTHBOUND EN
1008,S,2,1,N,21131001100,0,Z,W,,211310,0,232 ST NB ENTRANCE HHP
1009,S,2,1,N,21128001100,0,Z,W,,211280,0,232 ST SB ENTRANCE HHP
1010,S,2,2,N,22859001010,27499001010,,E,W,228590,274990,232 STREET
1011,S,2,1,N,27499002010,0,,W,,274990,0,232 STREET EXTENSION
1012,S,2,1,N,21131001110,0,Z,W,,211310,0,232 STREET HHP NB EN
1013,S,2,1,N,21128001110,0,Z,W,,211280,0,232 STREET HHP SB EN
1014,S,2,1,N,21131001090,0,Z,W,,211310,0,232 STREET NB ENTRANCE HHP
1015,S,2,1,N,21128001090,0,Z,W,,211280,0,232 STREET SB ENTRANCE HHP
1016,S,2,1,N,22862003020,0,,E,,228620,0,233 ST EASTBOUND ROADBED
1017,S,2,1,N,21156001280,0,Z,E,,211560,0,233 ST ENTRANCE NB I   87
1018,S,2,1,N,21156001320,0,Z,E,,211560,0,233 ST ENTRANCE NB I-87
1019,S,2,1,N,21156001360,0,Z,E,,211560,0,233 ST ENTRANCE NB IN   87
1020,S,2,1,N,21156001200,0,Z,E,,211560,0,233 ST ENTRANCE NB MDE
1021,S,2,1,N,21156001260,0,Z,E,,211560,0,233 ST I   87 NB EN
1022,S,2,1,N,21155501260,0,Z,E,,211555,0,233 ST I   87 SB EN
1023,S,2,1,N,21156001300,0,Z,E,,211560,0,233 ST I-87 NORTHBOUND EN
1024,S,2,1,N,21155501300,0,Z,E,,211555,0,233 ST I-87 SOUTHBOUND EN
1025,S,2,1,N,21156001340,0,Z,E,,211560,0,233 ST IN   87 NB EN
1026,S,2,1,N,21155501340,0,Z,E,,211555,0,233 ST IN   87 SB EN
1027,S,2,1,N,21156001180,0,Z,E,,211560,0,233 ST MDE NORTHBOUND EN
1028,S,2,1,N,21155501180,0,Z,E,,211555,0,233 ST MDE SOUTHBOUND EN
1029,S,2,1,N,21155501240,0,Z,E,,211555,0,233 ST SB ENTRANCE I   87
1030,S,2,1,N,21155501280,0,Z,E,,211555,0,233 ST SB ENTRANCE I-87
1031,S,2,1,N,21155501320,0,Z,E,,211555,0,233 ST SB ENTRANCE IN   87
1032,S,2,1,N,21155501160,0,Z,E,,211555,0,233 ST SB ENTRANCE MDE
1033,S,2,1,N,22862002020,0,,E,,228620,0,233 ST WESTBOUND ROADBED
1034,S,2,2,N,22862001010,27502001010,,E,W,228620,275020,233 STREET
1035,S,2,1,N,22862003010,0,,E,,228620,0,233 STREET EB ROADBED
1036,S,2,1,N,21156001210,0,Z,E,,211560,0,233 STREET ENTRANCE NB MDE
1037,S,2,1,N,21156001270,0,Z,E,,211560,0,233 STREET I   87 NB EN
1038,S,2,1,N,21155501270,0,Z,E,,211555,0,233 STREET I   87 SB EN
1039,S,2,1,N,21156001310,0,Z,E,,211560,0,233 STREET I-87 NB EN
1040,S,2,1,N,21155501310,0,Z,E,,211555,0,233 STREET I-87 SB EN
1041,S,2,1,N,21156001350,0,Z,E,,211560,0,233 STREET IN   87 NB EN
1042,S,2,1,N,21155501350,0,Z,E,,211555,0,233 STREET IN   87 SB EN
1043,S,2,1,N,21156001190,0,Z,E,,211560,0,233 STREET MDE NB EN
1044,S,2,1,N,21155501190,0,Z,E,,211555,0,233 STREET MDE SB EN
1045,S,2,1,N,21155501170,0,Z,E,,211555,0,233 STREET SB ENTRANCE MDE
1046,S,2,1,N,22862002010,0,,E,,228620,0,233 STREET WB ROADBED
1047,S,2,2,N,22865001010,27503001010,,E,W,228650,275030,234 STREET
1048,S,2,1,N,29810022250,0,B,W,,298100,0,235 ST BRIDGE
1049,S,2,1,N,29810022210,0,B,W,,298100,0,235 ST FOOT BRIDGE
1050,S,2,1,N,29810022230,0,B,W,,298100,0,235 ST FOOTBRIDGE
1051,S,2,1,N,29810022190,0,B,W,,298100,0,235 ST PEDESTRIAN BRIDGE
1052,S,2,1,N,29810022170,0,B,W,,298100,0,235 ST PEDESTRIAN OVERPASS
1053,S,2,1,N,29810022120,0,B,W,,298100,0,235 ST-W  236 ST BRIDGE
1054,S,2,1,N,29810022070,0,B,W,,298100,0,235 ST-W  236 ST FOOT BRDG
1055,S,2,1,N,29810022030,0,B,W,,298100,0,235 ST-W  236 ST PED BRDG
1056,S,2,1,N,29810022010,0,B,W,,298100,0,235 ST-W  236 ST PED OVPS
1057,S,2,1,N,29810022130,0,B,W,,298100,0,235 ST-WEST  236 ST BRIDGE
1058,S,2,2,N,22868001010,27505001010,,E,W,228680,275050,235 STREET
1059,S,2,1,N,29810022260,0,B,W,,298100,0,235 STREET BRIDGE
1060,S,2,1,N,29810022220,0,B,W,,298100,0,235 STREET FOOT BRIDGE
1061,S,2,1,N,29810022240,0,B,W,,298100,0,235 STREET FOOTBRIDGE
1062,S,2,1,N,29810022200,0,B,W,,298100,0,235 STREET PEDESTRIAN BRDG
1063,S,2,1,N,29810022180,0,B,W,,298100,0,235 STREET PEDESTRIAN OVPS
1064,S,2,1,N,29810022350,0,B,W,,298100,0,236 ST BRIDGE
1065,S,2,1,N,29810022310,0,B,W,,298100,0,236 ST FOOT BRIDGE
1066,S,2,1,N,29810022330,0,B,W,,298100,0,236 ST FOOTBRIDGE
1067,S,2,1,N,21131501120,0,Z,W,,211315,0,236 ST HHP NORTHBOUND EN
1068,S,2,1,N,21131501100,0,Z,W,,211315,0,236 ST NB ENTRANCE HHP
1069,S,2,1,N,29810022290,0,B,W,,298100,0,236 ST PEDESTRIAN BRIDGE
1070,S,2,1,N,29810022270,0,B,W,,298100,0,236 ST PEDESTRIAN OVERPASS
1071,S,2,2,N,22871001010,27508001010,,E,W,228710,275080,236 STREET
1072,S,2,1,N,29810022360,0,B,W,,298100,0,236 STREET BRIDGE
1073,S,2,1,N,29810022320,0,B,W,,298100,0,236 STREET FOOT BRIDGE
1074,S,2,1,N,29810022340,0,B,W,,298100,0,236 STREET FOOTBRIDGE
1075,S,2,1,N,21131501110,0,Z,W,,211315,0,236 STREET HHP NB EN
1076,S,2,1,N,21131501090,0,Z,W,,211315,0,236 STREET NB ENTRANCE HHP
1077,S,2,1,N,29810022300,0,B,W,,298100,0,236 STREET PEDESTRIAN BRDG
1078,S,2,1,N,29810022280,0,B,W,,298100,0,236 STREET PEDESTRIAN OVPS
1079,S,2,2,N,22874001010,27511001010,,E,W,228740,275110,237 STREET
1080,S,2,2,N,22877001010,27512001010,,E,W,228770,275120,238 STREET
1081,S,2,1,N,27512103020,0,,W,,275121,0,239 ST EASTBOUND ROADBED
1082,S,2,1,N,21128501120,0,Z,W,,211285,0,239 ST HHP SOUTHBOUND EN
1083,S,2,1,N,21128501100,0,Z,W,,211285,0,239 ST SB ENTRANCE HHP
1084,S,2,1,N,27512102020,0,,W,,275121,0,239 ST WESTBOUND ROADBED
1085,S,2,1,N,21899001090,0,,W,,218990,0,239 STAIRWAY
1086,S,2,1,N,21899001080,0,,W,,218990,0,239 STEP STREET
1087,S,2,1,N,21899001070,0,,W,,218990,0,239 STEPS
1088,S,2,2,N,22880001010,27512101010,,E,W,228800,275121,239 STREET
1089,S,2,1,N,27512103010,0,,W,,275121,0,239 STREET EB ROADBED
1090,S,2,1,N,21128501110,0,Z,W,,211285,0,239 STREET HHP SB EN
1091,S,2,1,N,21128501090,0,Z,W,,211285,0,239 STREET SB ENTRANCE HHP
1092,S,2,1,N,21899001050,0,,W,,218990,0,239 STREET STAIRWAY
1093,S,2,1,N,21899001060,0,,W,,218990,0,239 STREET STWY
1094,S,2,1,N,27512102010,0,,W,,275121,0,239 STREET WB ROADBED
1095,S,2,1,N,21899001100,0,,W,,218990,0,239 STWY
1096,S,2,2,N,22883001010,27512201010,,E,W,228830,275122,240 STREET
1097,S,2,1,N,22886001010,0,,E,,228860,0,241 STREET
1098,S,2,2,N,22889001010,27512501010,,E,W,228890,275125,242 STREET
1099,S,2,1,N,22892001010,0,,E,,228920,0,243 STREET
1100,S,2,1,N,27513001010,0,,W,,275130,0,244 STREET
1101,S,2,1,N,27513501010,0,,W,,275135,0,245 STREET
1102,S,2,1,N,21132501110,0,Z,W,,211325,0,246 ST HHP NORTHBOUND EN
1103,S,2,1,N,21132501090,0,Z,W,,211325,0,246 ST NB ENTRANCE HHP
1104,S,2,1,N,27514001010,0,M,W,,275140,0,246 STREET
1105,S,2,1,N,21132501100,0,Z,W,,211325,0,246 STREET HHP NB EN
1106,S,2,1,N,21132501080,0,Z,W,,211325,0,246 STREET NB ENTRANCE HHP
1107,S,2,1,N,27514501010,0,,W,,275145,0,247 STREET
1108,S,2,1,N,26540001020,0,,W,,265400,0,248 STREET
1109,S,2,1,N,27515501010,0,,W,,275155,0,249 STREET
1110,S,2,1,N,27516001010,0,,W,,275160,0,250 STREET
1111,S,2,1,N,27517001010,0,,W,,275170,0,251 STREET
1112,S,2,1,N,27517501010,0,,W,,275175,0,252 STREET
1113,S,2,1,N,21133001120,0,Z,W,,211330,0,253 ST HHP NORTHBOUND EN
1114,S,2,1,N,21133001100,0,Z,W,,211330,0,253 ST NB ENTRANCE HHP
1115,S,2,1,N,27518001010,0,,W,,275180,0,253 STREET
1116,S,2,1,N,21133001110,0,Z,W,,211330,0,253 STREET HHP NB EN
1117,S,2,1,N,21133001090,0,Z,W,,211330,0,253 STREET NB ENTRANCE HHP
1118,S,2,1,N,29810023090,0,B,W,,298100,0,254 ST BRIDGE
1119,S,2,1,N,29810023050,0,B,W,,298100,0,254 ST FOOT BRIDGE
1120,S,2,1,N,29810023070,0,B,W,,298100,0,254 ST FOOTBRIDGE
1121,S,2,1,N,21129001120,0,Z,W,,211290,0,254 ST HHP SOUTHBOUND EN
1122,S,2,1,N,29810023030,0,B,W,,298100,0,254 ST PEDESTRIAN BRIDGE
1123,S,2,1,N,29810023010,0,B,W,,298100,0,254 ST PEDESTRIAN OVERPASS
1124,S,2,1,N,21129001100,0,Z,W,,211290,0,254 ST SB ENTRANCE HHP
1125,S,2,1,N,27518501010,0,,W,,275185,0,254 STREET
1126,S,2,1,N,29810023100,0,B,W,,298100,0,254 STREET BRIDGE
1127,S,2,1,N,29810023060,0,B,W,,298100,0,254 STREET FOOT BRIDGE
1128,S,2,1,N,29810023080,0,B,W,,298100,0,254 STREET FOOTBRIDGE
1129,S,2,1,N,21129001110,0,Z,W,,211290,0,254 STREET HHP SB EN
1130,S,2,1,N,29810023040,0,B,W,,298100,0,254 STREET PEDESTRIAN BRDG
1131,S,2,1,N,29810023020,0,B,W,,298100,0,254 STREET PEDESTRIAN OVPS
1132,S,2,1,N,21129001090,0,Z,W,,211290,0,254 STREET SB ENTRANCE HHP
1133,S,2,1,N,27519001010,0,,W,,275190,0,255 STREET
1134,S,2,1,N,27519501010,0,,W,,275195,0,256 STREET
1135,S,2,1,N,27520001010,0,,W,,275200,0,258 STREET
1136,S,2,1,N,27523001010,0,,W,,275230,0,259 STREET
1137,S,2,1,N,27526001010,0,,W,,275260,0,260 STREET
1138,S,2,1,N,27529001010,0,,W,,275290,0,261 STREET
1139,S,2,1,N,27532001010,0,,W,,275320,0,262 STREET
1140,S,2,1,N,27535001010,0,,W,,275350,0,263 STREET
1141,S,2,1,,22910001010,0,,E,,229100,0,BAY AVENUE
1142,S,2,1,,20403401010,0,,E,,204034,0,BAY AVENUE EXTENSION
1143,S,2,2,,22912001010,27537001010,,E,W,229120,275370,BURNSIDE AVENUE
1144,S,2,1,,22912003010,0,,E,,229120,0,BURNSIDE AVENUE EB ROADBED
1145,S,2,1,,22912002010,0,,E,,229120,0,BURNSIDE AVENUE WB ROADBED
1146,S,2,1,,27646001020,0,A,W,,276460,0,FARM SQUARE
1147,S,2,1,,27645001010,0,,W,,276450,0,FARMS ROAD
1148,S,2,1,,27645003010,0,,W,,276450,0,FARMS ROAD NB ROADBED
1149,S,2,1,,27645002010,0,,W,,276450,0,FARMS ROAD SB ROADBED
1150,S,2,1,,27646001010,0,A,W,,276460,0,FARMS SQUARE
1151,S,2,1,,27646001030,0,A,W,,276460,0,FARMS SQUARE PLAZA
1152,S,2,2,,22922001010,27665001010,,E,W,229220,276650,FORDHAM ROAD
1153,S,2,2,,22922005010,27665003010,,E,W,229220,276650,FORDHAM ROAD EB ROADBED
1154,S,2,1,N,21151501160,0,Z,W,,211515,0,FORDHAM ROAD I   87 NB EN
1155,S,2,1,N,21144501160,0,Z,W,,211445,0,FORDHAM ROAD I   87 SB EN
1156,S,2,1,N,21151501180,0,Z,W,,211515,0,FORDHAM ROAD I-87 NB EN
1157,S,2,1,N,21144501180,0,Z,W,,211445,0,FORDHAM ROAD I-87 SB EN
1158,S,2,1,N,21151501200,0,Z,W,,211515,0,FORDHAM ROAD IN   87 NB EN
1159,S,2,1,N,21144501200,0,Z,W,,211445,0,FORDHAM ROAD IN   87 SB EN
1160,S,2,1,,21151501120,0,Z,W,,211515,0,FORDHAM ROAD MDE NB EN
1161,S,2,1,,21144501120,0,Z,W,,211445,0,FORDHAM ROAD MDE SB EN
1162,S,2,2,,22922004010,27665002010,,E,W,229220,276650,FORDHAM ROAD WB ROADBED
1163,S,2,1,,21089001060,0,Z,E,,210890,0,GUN HILL ROAD BRP NB EN
1164,S,2,1,N,21108001180,0,Z,E,,211080,0,GUN HILL ROAD I   95 SB EN
1165,S,2,1,N,21108001140,0,Z,E,,211080,0,GUN HILL ROAD I-95 SB EN
1166,S,2,1,N,21108001160,0,Z,E,,211080,0,GUN HILL ROAD IN   95 SB EN
1167,S,2,1,,21092501060,0,Z,W,,210925,0,GUN HILL ROAD MSP NB EN
1168,S,2,1,N,21108001120,0,Z,E,,211080,0,GUN HILL ROAD SB I   95 EN
1169,S,2,1,,21108001100,0,Z,E,,211080,0,GUN HILL ROAD SB NET EN
1170,S,2,2,,22902001020,27655001040,,E,W,229020,276550,KINGSBDGE ROAD
1171,S,2,2,,22902001010,27655001010,,E,W,229020,276550,KINGSBRIDGE ROAD
1172,S,2,2,,22902005010,27655003010,,E,W,229020,276550,KINGSBRIDGE ROAD EB ROADBED
1173,S,2,2,,22902002010,27655002010,,E,W,229020,276550,KINGSBRIDGE ROAD WB ROADBED
1174,S,2,2,,22943001010,27677001010,,E,W,229430,276770,MOSHOLU PARKWAY NORTH
1175,S,2,2,,22945001010,27679001010,,E,W,229450,276790,MOSHOLU PARKWAY SOUTH
1176,S,2,2,,22952001020,27680001040,,E,W,229520,276800,MOUNT EDEN AVENUE
1177,S,2,2,,22952001010,27680001010,,E,W,229520,276800,MT EDEN AVENUE
1178,S,2,1,,22952006010,0,,E,,229520,0,MT EDEN AVENUE EB ROADBED
1179,S,2,1,,22952005010,0,,E,,229520,0,MT EDEN AVENUE WB ROADBED
1180,S,2,1,,26474516020,0,O,E,,264745,0,NONATIONS ISLAND SHORELINE
1181,S,2,1,,26474516010,0,O,E,,264745,0,NONATIONS SHORELINE
1182,S,2,2,,22962001010,27685001010,,E,W,229620,276850,TREMONT AVENUE
1183,S,2,1,,22962003010,0,,E,,229620,0,TREMONT AVENUE EB ROADBED
1184,S,2,1,,22962002010,0,,E,,229620,0,TREMONT AVENUE WB ROADBED
